Datetime,Tweet Id,Text,Username
2022-12-25 11:09:28+00:00,1606970376336166912,ÛÙ…ÙˆØ§Ø±Ú©Ø±ØªØ§ÛÛ’ Ø¬Ø³Ú©Û’ Ù†ØªÛŒØ¬Û’ Ù…ÛŒÚº Ø§Ù†ÛÛŒÚº Ø±ÛŒØ§Ø³ØªÛŒ Ùˆ Ø­Ú©ÙˆÙ…ØªÛŒ Ø§Ø´Ø±Ø§ÙÛŒÛ Ú©Û’ ØªØ³Ù„Ø· Ø³Û’ ØªØ­ÙØ¸ Ù…Ù„ØªØ§ÛÛ’Û”Ø¨Ø¯Ù‚Ø³Ù…ØªÛŒ Ø³Û’Ú†ÙˆÙ†Ú©Û Ù¾Ø§Ú©Ø³ØªØ§Ù† Ù…ÛŒÚº Ù‚Ø§Ù†ÙˆÙ† Ú©ÛŒ Ø­Ú©Ù…Ø±Ø§Ù†ÛŒ Ú©ÙˆÙ‚Ø¯Ù… Ø¬Ù…Ø§Ù†Û’Ú©ÛŒ Ø§Ø¬Ø§Ø²Øª Ù†ÛÛŒÚº Ø¯ÛŒ Ú¯Ø¦ÛŒØŒ Ú†Ù†Ø§Ù†Ú†Û Ù…Ù„Ú© Ù¾Ø± Ø§Ø´Ø±Ø§ÙÛŒÛ Ú©ÛŒ Ú©Ú‘ÛŒ Ú¯Ø±ÙØª Ù†Û’ Ø·Ø§Ù‚ØªÙˆØ± Ù…Ø§ÙÛŒØ§Ø² Ø§ÙˆØ± Ø§Ø¯Ø§Ø±ÙˆÚº Ú©Ùˆ Ù‚Ø§Ù†ÙˆÙ† Ø³Û’ÛŒÙˆÚº Ø¨Ø§Ù„Ø§ØªØ± Ø¨Ù†Ø§ÛŒØ§ Ú©Û Ú¯ÙˆÛŒØ§ ÛŒÛ Ø§Ù†Ú©Ø§ Ø§Ø³ØªØ­Ù‚Ø§Ù‚ ØªÚ¾Ø§,ImranKhanPTI
2022-12-25 11:09:27+00:00,1606970373999935490,Ù‚Ø§Ù†ÙˆÙ† Ú©ÛŒ Ø­Ú©Ù…Ø±Ø§Ù†ÛŒ Ú©Û’ Ø°Ø±ÛŒØ¹Û’ Ø¹Ø¯Ù„ Ùˆ Ø§Ù†ØµØ§ÙØŒ Ø¬Ùˆ ØªÙ…Ø§Ù… Ø´ÛØ±ÛŒÙˆÚº Ú©Ùˆ Ù‚Ø§Ù†ÙˆÙ† Ú©ÛŒ Ù†Ú¯Ø§Û Ù…ÛŒÚº Ø¨Ø±Ø§Ø¨Ø± Ø¨Ù†Ø§ØªØ§ ÛÛ’ØŒ Ø§Ù† Ú©Ù„ÛŒØ¯ÛŒ Ø§Ø³Ø¨Ø§Ø¨ Ù…ÛŒÚº Ø³Û’ Ø§ÛŒÚ© ÛÛ’ Ø¬Ø³ Ú©ÛŒ ÙˆØ¬Û Ø³Û’ ÛÙ… Ù‚Ø§Ø¦Ø¯Ù Ø§Ø¹Ø¸Ù… Ù…Ø­Ù…Ø¯ Ø¹Ù„ÛŒ Ø¬Ù†Ø§Ø­ Ú©Û’ ØªØµÙˆÙ‘Ø±Ù Ù¾Ø§Ú©Ø³ØªØ§Ù† Ú©ÛŒ Ø­Ù‚ÛŒÙ‚Øª Ù¾Ø§Ù†Û’ Ù…ÛŒÚº Ù†Ø§Ú©Ø§Ù… Ø±ÛÛ’Û”ÛŒÛ Ø­Ù‚ÛŒÙ‚ÛŒ Ø¢Ø²Ø§Ø¯ÛŒØŒØ³Ú†ÛŒ Ø®ÙˆØ¯Ù…Ø®ØªØ§Ø±ÛŒ Ø§ÙˆØ± Ø´ÛØ±ÛŒÙˆÚº Ú©Û’Ø­Ù‚ÙˆÙ‚ Ú©Û’ØªØ­ÙØ¸ Ú©ÛŒ Ø±Ø§Û,ImranKhanPTI
2022-12-25 09:59:14+00:00,1606952702000660480,"This in turn protects them from elite capture of the State &amp; govt. Unfortunately in Pakistan bec Rule of Law was never allowed to be established, elite capture of the country has allowed powerful institutions &amp; mafias to remain above the law as if it was their right.",ImranKhanPTI
2022-12-25 09:59:13+00:00,1606952699538407425,"One of the main reasons we have been unable to realise our Quaid Mohammad Ali Jinnah's vision for Pakistan is absence of Justice through Rule of Law which ensures equality before the law for all citizens. This leads to haqeeqi azadi, true freedom, &amp; protection of citizens rights.",ImranKhanPTI
2022-12-25 05:22:39+00:00,1606883098452426752,ÛÙ…Ø§Ø±Û’ ØªÙ…Ø§Ù… Ù…Ø³ÛŒØ­ÛŒ Ø´ÛØ±ÛŒÙˆÚº Ú©Ùˆ Ú©Ø±Ø³Ù…Ø³ Ú©ÛŒ Ø®ÙˆØ´ÛŒØ§Úº Ø¨ÛØª Ù…Ø¨Ø§Ø±Ú©!,ImranKhanPTI
2022-12-25 03:23:10+00:00,1606853029650698240,Wishing all our Christian citizens a very happy Chrstmas.,ImranKhanPTI
2022-12-23 14:01:26+00:00,1606288879308480515,Ø§Ø³Ù„Ø§Ù… Ø¢Ø¨Ø§Ø¯Ù…ÛŒÚº Ø¢Ø¬ ÛÙˆÙ†Û’ÙˆØ§Ù„Û’Ø®ÙˆØ¯Ú©Ø´ Ø¯ÛØ´ØªÚ¯Ø±Ø¯ Ø­Ù…Ù„Û’Ú©ÛŒ Ø´Ø¯ÛŒØ¯ Ù…Ø°Ù…Øª Ú©Ø±ØªØ§ Ø§ÙˆØ± Ø¬Ø§Ù†ÛŒÚº Ø¨Ú†Ø§ØªÛ’ØŒ Ø¨Ú‘ÛŒ ØªØ¨Ø§ÛÛŒ Ú©Ø§ Ø±Ø³ØªÛ Ø±ÙˆÚ©ØªÛ’ ÛÙˆØ¦Û’ Ø´ÛÛŒØ¯ ÛÙˆÙ†Û’ ÙˆØ§Ù„Û’ Ø¨ÛØ§Ø¯Ø±Ù¾ÙˆÙ„ÛŒØ³ Ø§ÙØ³Ø± Ú©Ùˆ Ø³Ù„Ø§Ù… Ù¾ÛŒØ´ Ú©Ø±ØªØ§ ÛÙˆÚºÛ”Ù…Ù„Ú© Ø¨Ú¾Ø± Ù…ÛŒÚº Ø§Ù…Ù† Ùˆ Ø§Ù…Ø§Ù† Ú©ÛŒ ØµÙˆØ±ØªØ­Ø§Ù„ ØªÛŒØ²ÛŒ Ø³Û’Ø¨Ú¯Ú‘ Ø±ÛÛŒ ÛÛ’Ø¬Ùˆ Ø§Ù…Ù¾ÙˆØ±Ù¹Úˆ Ø­Ú©ÙˆÙ…Øª Ø§ÙˆØ±Ø§Ù†Ù¹ÛŒÙ„ÛŒ Ø¬Ù†Ø³ Ø§ÛŒØ¬Ù†Ø³ÛŒÙˆÚº Ú©ÛŒ Ù…Ú©Ù…Ù„ Ù†Ø§Ú©Ø§Ù…ÛŒ Ú©ÛŒ Ø¹Ú©Ø§Ø³ ÛÛ’,ImranKhanPTI
2022-12-23 13:18:55+00:00,1606278176488955904,Strongly condemn the suicide terrorist attack in Islamabad today. Salute the brave police officer who was martyred saving lives &amp; greater destruction. The law &amp; order situation is deteriorating rapidly across the country reflecting total failure of Imported govt &amp; intel agencies.,ImranKhanPTI
2022-12-19 08:03:56+00:00,1604749360314695681,Ù†ÛÛŒÚº Ù¾Ø§ Ø±ÛØ§Û” Ø§Ù†Ú©ÛŒ Ø³Ø§Ø±ÛŒ ØªÙˆØ§Ù†Ø§Ø¦ÛŒØ§Úº NRO-2 Ø§ÙˆØ± Ø§Ø³ Ú©Û’ ØªØ­ÙØ¸ Ù¾Ø± Ù…Ø±Ú©ÙˆØ² ÛÛŒÚºÛ” Ú†Ù†Ø§Ù†Ú†Û Ù…Ø¹ÛŒØ´Øª Ú©ÛŒ Ø²Ø¨ÙˆÚº Ø­Ø§Ù„ÛŒ Ú©Û’ Ø¨Ø§ÙˆØ¬ÙˆØ¯ ÛŒÛ Ø§Ù†ØªØ®Ø§Ø¨Ø§ØªØŒ Ø¬Ùˆ Ú©Û Ø³ÛŒØ§Ø³ÛŒ Ø§Ø³ØªØ­Ú©Ø§Ù… Ú©Û’ Ø°Ø±ÛŒØ¹Û’ Ù…Ø¹ÛŒØ´Øª Ù…Ø³ØªØ­Ú©Ù… Ú©Ø±Ù†Û’ Ú©Ø§ ÙˆØ§Ø­Ø¯ Ú©Ù„ÛŒÛ ÛÛŒÚºØŒ Ú©Û’ Ø§Ù†Ø¹Ù‚Ø§Ø¯ Ø³Û’ Ú¯Ú¾Ø¨Ø±Ø§ Ø±ÛÛ’ ÛÛŒÚºÛ”,ImranKhanPTI
2022-12-19 08:03:55+00:00,1604749356070244352,Ù…ÛŒÚº Ø¨Ú¾ÛŒ Ù†Ø§Ú©Ø§Ù… ÛÙˆØ¦Û’ ÛÛŒÚºÛ”Ø³ØªÙ… Ø¸Ø±ÛŒÙÛŒ ØªÙˆ ÛŒÛ ÛÛ’ Ú©Û Ø§ÛŒØ³Û’Ù…ÛŒÚº Ø¬Ø¨ ÛÙ…Ø§Ø±Û’ Ø¬ÙˆØ§Ù†ØŒ Ù¾ÙˆÙ„ÛŒØ³ Ø§ÛÙ„Ú©Ø§Ø± Ø§ÙˆØ± Ù…Ù‚Ø§Ù…ÛŒ Ù„ÙˆÚ¯ Ø±ÙˆØ²Ù…Ø±Ù‘Û Ú©ÛŒ Ø¨Ù†ÛŒØ§Ø¯ Ù¾Ø± Ø§Ù¾Ù†ÛŒ Ø¬Ø§Ù†ÙˆÚº Ú©Û’ Ù†Ø°Ø±Ø§Ù†Û’ Ù¾ÛŒØ´ Ú©Ø±Ø±ÛÛ’ ÛÛŒÚºØŒ Ø¯ÛØ´ØªÚ¯Ø±Ø¯ÛŒ Ú©Û’ Ø®Ø·Ø±Ø§Øª Ø§ÙˆØ± Ù…ØºØ±Ø¨ÛŒ Ø³Ø±Ø­Ø¯ Ø³Û’ Ú©Ø¦Û’ Ø¬Ø§Ù†Û’ ÙˆØ§Ù„Û’ Ø­Ù…Ù„ÙˆÚº Ù…ÛŒÚº Ø§Ø¶Ø§ÙÛ Ù…Ø¬Ø±Ù…ÙˆÚº Ú©ÛŒ Ø§Ø³ Ø³Ø±Ú©Ø§Ø± Ú©Û’ Ø§Ù‚ÙˆØ§Ù„ Ùˆ Ø§ÙÚ©Ø§Ø± (Ø¨ÛŒØ§Ù†ÛŒÛ’) Ù…ÛŒÚº Ø¬Ú¯Û ØªÚ©,ImranKhanPTI
2022-12-19 08:03:55+00:00,1604749353574633473,Ù…Ø¹ÛŒØ´Øª Ú©Ø§ Ø¬Ù†Ø§Ø²Û Ù†Ú©Ø§Ù„Ù†Û’ Ú©Û’ Ø¹Ù„Ø§ÙˆÛ ÛŒÛ Ø§Ù…Ù¾ÙˆØ±Ù¹Úˆ Ø³Ø±Ú©Ø§Ø± Ú†Ù…Ù† Ø³Û’ Ø³ÙˆØ§ØªØŒ Ù„Ú©Ù‘ÛŒ Ù…Ø±ÙˆØª Ø§ÙˆØ± Ø¨Ù†ÙˆÚº ØªÚ© Ù¾ÛŒØ´ Ø¢Ù†Û’ ÙˆØ§Ù„Û’ÙˆØ§Ù‚Ø¹Ø§Øª Ú©ÛŒ Ø´Ú©Ù„ Ù…ÛŒÚº Ù¾Ø§Ú©Ø³ØªØ§Ù† Ù…ÛŒÚº Ø¯ÛØ´ØªÚ¯Ø±Ø¯ÛŒ Ú©ÛŒ Ø´Ø±Ø­ Ù…ÛŒÚº50%Ø§Ø¶Ø§ÙÛ’ Ø³Û’Ù†Ù…Ù¹Ù†Û’Ù…ÛŒÚº Ù†Ø§Ú©Ø§Ù… Ø±ÛÛŒ ÛÛ’Û” ÛŒÛ â€Ø¯ÙˆØ³ØªØ§Ù†Ûâ€œ Ø§ÙØºØ§Ù† Ø­Ú©ÙˆÙ…Øª Ú©ÛŒ ÙÙˆØ¬ÙˆÚº Ú©ÛŒØ¬Ø§Ù†Ø¨ Ø³Û’Ø¨ÛŒÙ† Ø§Ù„Ø§Ù‚ÙˆØ§Ù…ÛŒ Ù¾Ø§Ú©-Ø§ÙØºØ§Ù† Ø³Ø±Ø­Ø¯ Ù¾Ø± Ú©Ø¦Û’Ø¬Ø§Ù†Û’ÙˆØ§Ù„Û’Ø­Ù…Ù„ÙˆÚº Ú©Û’ØªØ¯Ø§Ø±Ú©,ImranKhanPTI
2022-12-19 06:28:56+00:00,1604725452672831488,"of a cabal of crooks. All they are interested in is their NRO2 &amp; its preservation. Therefore, despite economy tanking they are petrified of holding elections which is the only way to stabilise economy through political stabilisation.",ImranKhanPTI
2022-12-19 06:28:55+00:00,1604725447618859008,"security forces of a 'friendly' Afghan govt. While our soldiers, police &amp; local ppl are giving daily sacrifices wirh their lives, the worst part is that this increasing terrorist threat &amp; attacks from across our Western border are finding no space in the discourse of this govt",ImranKhanPTI
2022-12-19 06:28:54+00:00,1604725444292579328,"Apart from running our economy to the ground, this Imported govt has failed to deal with the 50% increase in  terrorism in Pak with incidents from Chaman to Swat to Lakki Marwat to Bannu; They have also failed to deal with attacks from the international Pak-Afghan border by",ImranKhanPTI
2022-12-18 05:43:41+00:00,1604351675401125888,#AlQadir Ù…ÛŒÚºØŒØ¬Ø³Ú©Ø§ ÙˆÛŒÚ˜Ù† Ø§Ø³Ù„Ø§Ù…ÛŒ Ø§ØµÙˆÙ„ÙˆÚº+Ù…Ø¶Ø§Ù…ÛŒÙ†Ù Ø¬Ø¯ÛŒØ¯ Ø³Û’ Ù…ÙØ²ÛŒÙ‘Ù† Ø§Ø¹Ù„ÛŒÙ° ØªØ¹Ù„ÛŒÙ… Ú©Ø§ Ù…Ø±Ú©Ø² Ø¨Ù†Ù†Ø§ÛÛ’Û”ØªØ¹Ù…ÛŒØ±Ù Ù…Ù„Ù‘Øª Ù…ÛŒÚº Ø§Ù¾Ù†Ø§ Ø­ØµÙ‘Û ÚˆØ§Ù„Ù†Û’Ú©ÛŒÙ„Ø¦Û’ÚˆØ§Ú©Ù¹Ø±ÛŒÙ¹ Ú©Û’Ø­Ø§Ù…Ù„ ÛÙ…Ø§Ø±Û’Ù…Ø¹Ø±ÙˆÙ Ø§Ø³Ø§ØªØ°Û Ø¯ÙˆØ± Ø¯Ø±Ø§Ø² Ø³Û’Ø¢Ù†Û’ÙˆØ§Ù„Û’Ù…Ø³ØªØ­Ù‚ Ø·Ù„Ø¨Û Ùˆ Ø·Ø§Ù„Ø¨Ø§ØªØŒ Ø¬Ùˆ Ø¨ØµÙˆØ±ØªÙ Ø¯ÛŒÚ¯Ø±Ù…Ø¹ÛŒØ§Ø±ÛŒ Ø§Ø¹Ù„ÛŒÙ° ØªØ¹Ù„ÛŒÙ… Ø³Û’Ù…Ø­Ø±ÙˆÙ… ÛÛŒÚºØŒÚ©Ùˆ Ø²ÛŒÙˆØ±ÙØªØ¹Ù„ÛŒÙ… Ø³Û’ Ø¢Ø±Ø§Ø³ØªÛ Ú©Ø±ØªÛ’ÛÛŒÚº https://t.co/07ukMrnOFv,ImranKhanPTI
2022-12-18 03:43:19+00:00,1604321382535495686,"At #AlQadir, vision is to become hub of higher education based on Islamic principles &amp; modern disciplines. To facilitate effective nation building, our renowned PhD Faculty educates deserving students from remote areas, who otherwise are deprived of quality higher education. https://t.co/0RJdaEudYY",ImranKhanPTI
2022-12-17 11:27:55+00:00,1604075915666939905,Ù…ÛŒØ±Û’ ÙˆÚ©Ù„Ø§Ø¡ Ú©ÛŒ Ù¹ÛŒÙ… Ù†Û’ÙØµÛŒØ­ Ø§Ù„Ø¯ÛŒÙ† Ú©ÛŒ Ù‚ÛŒØ§Ø¯Øª Ù…ÛŒÚº Ø§Ù…Ø±ÛŒÚ©Û Ù…ÛŒÚº Ø¬ÛŒÙˆ Ø§ÙˆØ± Ù…ÛŒØ±Ø´Ú©ÛŒÙ„ Ú©ÛŒØ®Ù„Ø§Ù ÚˆÛŒÙ…Ø§Ù†Úˆ Ù†ÙˆÙ¹Ø³ Ø¯Ø§Ø¦Ø± Ú©Ø±Ø¯ÛŒØ§ ÛÛ’Û” Ø¬ÛŒÙˆ Ø§ÙˆØ± Ø§Ø³ Ú©Û’ Ø³Ø±Ù¾Ø±Ø³ØªÙˆÚº Ú©ÛŒØ¬Ø§Ù†Ø¨ Ø³Û’ Ø¬Ú¾ÙˆÙ¹ÛŒ Ø®Ø¨Ø±ÙˆÚº Ø§ÙˆØ± ØºÙ„Ø· Ù…Ø¹Ù„ÙˆÙ…Ø§Øª Ú©Û’ÙØ±ÙˆØº Ú©Û’Ú©Ù„Ú†Ø± Ø³Û’Ø¹Ø¯Ø§Ù„ØªÙˆÚº Ù…ÛŒÚº Ù†Ù…Ù¹Ø§ Ø¬Ø§Ø¦Û’ Ú¯Ø§Û” https://t.co/LMuPldY2Jw,ImranKhanPTI
2022-12-17 10:06:23+00:00,1604055397408686080,My team of lawyers led by Fasih U Din filed demand notice to Geo and Mir Shakeel in USA. Disinformation and Fake News culture of GEO and itâ€™s handlers will be dealt with in courts. https://t.co/ZOg7M0bWa1,ImranKhanPTI
2022-12-17 05:03:08+00:00,1603979084132143104,Ø­Ø³Ù† Ø´Ø§Ø¯ Ú©ÛŒ Ø³Ø±Ø¨Ø±Ø§ÛÛŒ Ù…ÛŒÚº Ø§Ø¨ Ù…ÛŒØ±Û’ Ù…ØªØ­Ø¯Û Ø¹Ø±Ø¨ Ø§Ù…Ø§Ø±Ø§Øª Ú©Û’ ÙˆÚ©Ù„Ø§Ø¡ Ø¬ÛŒÙˆ Ù¹ÛŒ ÙˆÛŒØŒ Ø´Ø§ÛØ²ÛŒØ¨ Ø®Ø§Ù†Ø²Ø§Ø¯Û Ø§ÙˆØ± Ø¯Ú¾ÙˆÚ©Û Ø¨Ø§Ø² Ø¹Ù…Ø± ÙØ§Ø±ÙˆÙ‚ Ø¸ÛÙˆØ± Ú©ÛŒØ®Ù„Ø§Ù Ø§Ù…Ø§Ø±Ø§Øª Ú©Û’ Ù‚Ø§Ù†ÙˆÙ† Ú©Û’ ØªØ­Øª Ù…Ø¬Ø±Ù…Ø§Ù†Û ÛØªÚ©Ù Ø¹Ø²Øª (Libel and Slander) Ú©Ø§ Ø¯Ø¹ÙˆÛŒÙ° Ø¯Ø§Ø¦Ø± Ú©Ø±Ú†Ú©Û’ ÛÛŒÚºÛ”,ImranKhanPTI
2022-12-17 04:05:23+00:00,1603964547601240066,"My UAE lawyers led by Hassan Shad have now filed criminal defamation (libel and slander) proceedings under UAE law against Geo TV, Shahzeb Khanzada and fraudster Umer Farooq Zahoor.",ImranKhanPTI
2022-12-16 08:10:33+00:00,1603663858056544256,16Ø¯Ø³Ù…Ø¨Ø± ÙˆÛ Ø¯Ù† ÛÛ’Ø¬Ø³Û’Ù‚ÙˆÙ… Ú©Ø¨Ú¾ÛŒ ÙØ±Ø§Ù…ÙˆØ´ Ù†ÛÛŒÚº Ú©Ø±Û’Ú¯ÛŒ: ÛŒÛ ÙˆÛ Ø¯Ù† ÛÛ’Ø¬Ø¨ Ø¢Ø±Ù…ÛŒ Ù¾Ø¨Ù„Ú© Ø³Ú©ÙˆÙ„ØŒÙ¾Ø´Ø§ÙˆØ± Ú©Û’Ù…Ø¹ØµÙˆÙ… Ø¨Ú†ÙˆÚº Ø§ÙˆØ± Ø§Ù†Ú©Û’ Ø§Ø³Ø§ØªØ°Û Ù¾Ø± Ø­Ù…Ù„Û’Ú©ÛŒ Ø´Ú©Ù„ Ù…ÛŒÚº ÛÙ… Ù¾Ø± ØªØ§Ø±ÛŒØ® Ú©Ø§ Ø³Ø¨ Ø³Û’ÛÙˆÙ„Ù†Ø§Ú© Ø¯ÛØ´Øª Ú¯Ø±Ø¯ Ø­Ù…Ù„Û Ú©ÛŒØ§Ú¯ÛŒØ§Û”ÛŒÛÛŒ ÙˆÛ Ø¯Ù† ÛÛ’Ø¬Ø¨ ÛÙ… Ø¨Ø­Ø«ÛŒØª Ù‚ÙˆÙ… ÛŒÚ©Ø¬Ø§ÛÙˆØ¦Û’ Ø§ÙˆØ± Ø¯ÛØ´ØªÚ¯Ø±Ø¯ÛŒ Ø³Û’ Ù†Ù…Ù¹Ù†Û’ØŒØ§Ø³ Ù†Ø§Ø³ÙˆØ± Ú©Ùˆ Ø¬Ú‘ Ø³Û’Ø§Ú©Ú¾Ø§Ú‘ Ù¾Ú¾ÛŒÙ†Ú©Ù†Û’Ú©Ø§Ø¹Ø²Ù… Ú©ÛŒØ§Û”,ImranKhanPTI
2022-12-16 07:47:56+00:00,1603658167983939584,16 Dec is a day the nation will never forget:when one of the most horrific acts of terrorism in our history  happened - the attack on innocent children of APS Peshawar &amp; their teachers. It is also the day when we came together as a nation &amp; resolved to take on &amp; defeat terrorism.,ImranKhanPTI
2022-12-15 15:33:43+00:00,1603412999191961605,Ù‚Ø¯Ø±Û’ØªØ§Ø®ÛŒØ± Ø³Û’Ù…Ú¯Ø± Ø§Ù¾Ù†Û’Ø±ÙÛŒÙ‚Ù Ø¹Ø²ÛŒØ² @anwaribrahim Ú©Ùˆ Ù…Ù„Ø§Ø¦Ø´ÛŒØ§ Ú©Ø§ÙˆØ²ÛŒØ±Ø§Ø¹Ø¸Ù… Ø¨Ù†Ù†Û’Ù¾Ø±Ù…Ø¨Ø§Ø±Ú©Ø¨Ø§Ø¯ Ù¾ÛŒØ´ Ú©Ø±ØªØ§ÛÙˆÚºÛ” Ù…ÛŒØ±Û’ Ø§Ø³Ú©ÙˆÙ„ Ú©Ø§ Ø±ÛÙ†Ù…Ø§ Ø§ØµÙˆÙ„ (Motto) Ú©Û Ø§Ø³ØªÙ‚Ø§Ù…Øª Ú©Ø§Ù…ÛŒØ§Ø¨ÛŒ Ú©ÛŒ Ú©Ù†Ø¬ÛŒ ÛÛ’ØŒ Ø¢Ù¾Ú©ÛŒ Ø¬Ø¯ÙˆØ¬ÛØ¯ Ù¾Ø± Ù¾ÙˆØ±ÛŒ Ø·Ø±Ø­ ØµØ§Ø¯Ø± Ø¢ØªØ§ ÛÛ’Û” Ù…ÛŒÚº Ø¨Ø·ÙˆØ± ÙˆØ²ÛŒØ±Ø§Ø¹Ø¸Ù… Ø¢Ù¾Ú©ÛŒ ØªÙ…Ø§Ù… Ú©Ø§ÙˆØ´ÙˆÚº Ú©Û’Ø¨Ø§Ø±Ø¢ÙˆØ± ÛÙˆÙ†Û’Ú©ÛŒÙ„Ø¦Û’Ø±Ø¨ Ø§Ù„Ø¹Ø²Øª Ø³Û’Ø¯Ø¹Ø§Ú¯Ùˆ ÛÙˆÚºÛ”,ImranKhanPTI
2022-12-15 13:16:59+00:00,1603378589293891584,Belated felicitations to my dear friend @anwaribrahim on becoming PM of Malaysia. My old school motto Perseverance Commands Success seems most appropriate for all your struggles. I wish you the very best of success in all your endeavours as Prime Minister.,ImranKhanPTI
2022-12-13 08:49:59+00:00,1602586618937966592,Ø¹Ø²Øª Ù…Ø¢Ø¨ Ø¬Ù†Ø§Ø¨ Ù¾Ø±Ù†Ø³ Ú©Ø±ÛŒÙ… Ø¢ØºØ§ Ø®Ø§Ù† Ú†ÛØ§Ø±Ù… Ú©Ùˆ Ø§Ù†Ú©ÛŒ Ø³Ø§Ù„Ú¯Ø±Û Ú©Û’ Ù…ÙˆÙ‚Ø¹ Ù¾Ø± Ø¯Ù„ Ú©ÛŒ Ú¯ÛØ±Ø§Ø¦ÛŒÙˆÚº Ø³Û’ Ù…Ø¨Ø§Ø±Ú©Ø¨Ø§Ø¯ Ù¾ÛŒØ´ Ú©Ø±ØªØ§ ÛÙˆÚºÛ”Ù¾Ø§Ú©Ø³ØªØ§Ù† Ú©ÛŒ Ø³Ù…Ø§Ø¬ÛŒ Ùˆ Ø§Ù‚ØªØµØ§Ø¯ÛŒ  ØªØ±Ù‚ÛŒ Ù…ÛŒÚº Ø§Ù†Ú©Û’ Ú¯Ø±Ø§Ù†Ù‚Ø¯Ø± ØªØ¹Ø§ÙˆÙ† Ùˆ Ú©Ø±Ø¯Ø§Ø± Ú©Ùˆ ÛÙ… Ù†ÛØ§ÛŒØª ØªØ­Ø³ÛŒÙ† Ùˆ Ù‚Ø¯Ø± Ú©ÛŒ Ù†Ú¯Ø§Û Ø³Û’ Ø¯ÛŒÚ©Ú¾ØªÛ’ ÛÛŒÚºÛ”,ImranKhanPTI
2022-12-13 08:37:14+00:00,1602583409393647616,Warmest greetings on his birthday to His Highness Prince Karim Aga Khan IV. We appreciate his valuable support for &amp; contribution to socio economic development in Pakistan.,ImranKhanPTI
2022-12-12 18:05:10+00:00,1602363949143527460,Ø§Ù¾Ù†ÛŒ Ø¬Ø§Ù† Ú©Ùˆ Ù„Ø§Ø­Ù‚ Ø®Ø·Ø±Ø§Øª Ú©Û’ Ø¨Ø§Ø±Û’ Ù…ÛŒÚº Ø¨Ø°Ø±ÛŒØ¹Û Ø®Ø· ØµØ¯Ø±ÙÙ…Ù…Ù„Ú©Øª Ú©Ùˆ Ø¢Ú¯Ø§Û Ú©Ø±Ù†Û’ Ú©Û’Ø¨Ø§ÙˆØ¬ÙˆØ¯ Ø§Ø±Ø´Ø¯ Ø´Ø±ÛŒÙ Ú©Û’ Ø³Ø§ØªÚ¾ Ø¬Ùˆ Ú©Ú†Ú¾ ÛÙˆØ§ Ø§Ø³Ú©Û’Ø¨Ø¹Ø¯ Ù…ÛŒØ±ÛŒ Ú†ÛŒÙ Ø¬Ø³Ù¹Ø³ Ø¢Ù Ù¾Ø§Ú©Ø³ØªØ§Ù† Ø³Û’ Ú¯Ø²Ø§Ø±Ø´ ÛÛ’ Ú©Û Ø§Ø³Ú©Ø§ Ù†ÙˆÙ¹Ø³ Ù„ÛŒÚº Ù‚Ø¨Ù„ Ø§Ø³ Ú©Û’ Ú©Û Ø¨ÛØª Ø¯ÛŒØ± ÛÙˆØ¬Ø§Ø¦Û’Û”,ImranKhanPTI
2022-12-12 18:05:09+00:00,1602363946060714001,Ù…ÛŒØ±ÛŒ Ú†ÛŒÙ Ø¬Ø³Ù¹Ø³ Ø¢Ù Ù¾Ø§Ú©Ø³ØªØ§Ù† Ø³Û’ Ø§Ø³ØªØ¯Ø¹Ø§ ÛÛ’ Ú©Û Ø§Ø³ Ø®Ø· Ú©Û’ Ù…ØªÙ† Ùˆ Ù…Ù†Ø¯Ø±Ø¬Ø§Øª Ú©Ø§ Ù†ÙˆÙ¹Ø³ Ù„ÛŒÚºÛ” Ø¨Ø¯Ù‚Ø³Ù…ØªÛŒ Ø³Û’ ÛÙ…Ø§Ø±ÛŒ Ù…Ø¹Ø²Ø² Ø¹Ø¯Ù„ÛŒÛ Ú©ÛŒ Ø¹Ø¯Ù… Ù…Ø¯Ø§Ø®Ù„Øª Ú©Û’ Ø¨Ø§Ø¹Ø« Ù¾ÛÙ„Û’ ÛÛŒ Ø³ÛŒÙ†ÛŒÙ¹Ø± Ø§Ø¹Ø¸Ù… Ø³ÙˆØ§ØªÛŒ Ø§Ù†Ø³Ø§Ù†ÛŒ Ø­Ù‚ÙˆÙ‚ Ú©ÛŒ Ø¨Ø¯ØªØ±ÛŒÙ† Ø®Ù„Ø§Ù ÙˆØ±Ø²ÛŒÙˆÚº Ú©Ø§ Ù†Ø´Ø§Ù†Û Ø¨Ù† Ø±ÛÛ’ ÛÛŒÚºÛ” https://t.co/8ZrsJ3c2Wp,ImranKhanPTI
2022-12-12 17:03:40+00:00,1602348472149184518,"After what happened to Arshad Sharif despite his writing to the President about the life threats he was facing, I would urge the CJP to take notice of this before it is too late.",ImranKhanPTI
2022-12-12 17:03:39+00:00,1602348468890210307,I am appealing to the CJP to take notice of this letter's content. Already Senator Swati continues to suffer the worst form of human rights abuses sadly without any intervention from our honourable Judiciary. https://t.co/AWwfzbt5ls,ImranKhanPTI
2022-12-11 10:44:36+00:00,1601890688118972416,"Ú©Ùˆ(Ø§ÛŒÙ† Ø¢Ø± Ø§Ùˆ-Ù¹Ùˆ Ú©Û’Ø°Ø±ÛŒØ¹Û’)Ø¬Ú¾Ø§Ú‘ Ù¾ÙˆÙ†Ú†Ú¾ Ú©Ø± Ù¾Ø§Ú© ØµØ§Ù Ú©Ø± Ø¯ÛŒØ§ Ú¯ÛŒØ§ ÛÛ’ Ø§ÙˆØ± ÙˆÛ Ù¾Ø§Ú©Ø³ØªØ§Ù† Ù„ÙÙˆÙ¹ Ø¢ÛŒØ§ ÛÛ’Û” 

Ø±Ø³ÙˆÙ„Ù Ù…Ú©Ø±Ù‘Ù… ï·ºÚ©ÛŒ ÙˆÛ Ø­Ø¯ÛŒØ«Ù Ù…Ø¨Ø§Ø±Ú©Û ÛØ± Ú©Ø³ÛŒ Ú©Û’ Ù¾ÛŒØ´Ù Ù†Ø¸Ø± Ø±ÛÙ†ÛŒ Ú†Ø§ÛØ¦ÛŒÛ’ Ø¬Ø³ Ù…ÛŒÚº Ø§Ù†ÛÙˆÚº Ù†Û’ ØªÙ†Ø¨ÛŒÛ Ú©ÛŒ ØªÚ¾ÛŒ Ú©Û Ù†Ø§Ø§Ù†ØµØ§ÙÛŒ Ú©ÛŒØ³Û’ Ù‚ÙˆÙ…ÙˆÚº Ú©Ùˆ ØªØ¨Ø§ÛÛŒ Ø³Û’ Ø¯ÙˆÚ†Ø§Ø± Ú©Ø±ØªÛŒ ÛÛ’! https://t.co/t1Djb3pEZG",ImranKhanPTI
2022-12-11 10:44:33+00:00,1601890677587349504,Ù‚ÙˆØ§Ù†ÛŒÙ† Ú©Ùˆ Ù…Ú©Ù…Ù„ Ø·ÙˆØ± Ù¾Ø± Ù†Ø¸Ø± Ø§Ù†Ø¯Ø§Ø²ØŒ ÛÙ…Ø§Ø±Û’ Ø¯Ø³ØªÙˆØ± Ù…ÛŒÚº ÙØ±Ø§ÛÙ… Ú©Ø±Ø¯Û Ø¨Ù†ÛŒØ§Ø¯ÛŒ Ø§Ù†Ø³Ø§Ù†ÛŒ Ø­Ù‚ÙˆÙ‚ Ú©Ùˆ ØµØ±ÛŒØ­Ø§Ù‹ Ù¾Ø§Ù…Ø§Ù„ Ú©Ø±ØªÛ’ ÛÙˆØ¦Û’Ø¯Ø±Ø¬ Ú©Ø¦Û’ Ú¯Ø¦Û’Ø¯Ø±Ø¬Ù†ÙˆÚº Ù…Ù‚Ø¯Ù…Ø§Øª Ú©Û’ Ø°Ø±ÛŒØ¹Û’ Ø§Ù†ÛÛŒÚº Ø§ÛŒÚ© Ø³Û’ Ø¯ÙˆØ³Ø±Û’ ØµÙˆØ¨Û’ Ù…ÛŒÚº Ú¯Ú¾Ø³ÛŒÙ¹Ù†Û’ Ú©Ø§ Ø³Ù„Ø³Ù„Û Ø¬Ø§Ø±ÛŒ ÛÛ’Û”Ø§Ø³Ú©Û’ Ø¨Ø±Ø¹Ú©Ø³ Ø§Ø±Ø¨ÙˆÚº Ø±ÙˆÙ¾Û’ Ú©ÛŒ Ú©Ø±Ù¾Ø´Ù† Ø§ÙˆØ± Ù…Ù†ÛŒ Ù„Ø§Ù†ÚˆØ±Ù†Ú¯ Ù…ÛŒÚº Ù…Ù„ÙˆØ« Ø³Ù„Ù…Ø§Ù† Ø´ÛØ¨Ø§Ø² Ù†Ø§Ù…ÛŒ Ø§ÛŒÚ© Ø§Ø´ØªÛØ§Ø±ÛŒ,ImranKhanPTI
2022-12-11 10:44:33+00:00,1601890674198077446,Ø§Ú¯Ø± Ú©ÙˆØ¦ÛŒ ÛŒÛ Ø³Ù…Ø¬Ú¾Ù†Ø§ Ú†Ø§ÛØªØ§ ÛÛ’ Ú©Û Ù¾Ø§Ú©Ø³ØªØ§Ù† Ú©ÛŒ Ù…Ø¹ÛŒØ´Øª ØªØ¨Ø§ÛÛŒ Ú©Û’ Ù†Ø±ØºÛ’ Ù…ÛŒÚº Ú©ÛŒÙˆÚº ÛÛ’ ØªÙˆ Ù…Ø­Ø¶ Ø¯Ùˆ ÙˆØ§Ù‚Ø¹Ø§Øª ÛÛŒ Ø§Ø³ Ú©ÛŒÙ„Ø¦Û’ Ú©Ø§ÙÛŒ ÛÛŒÚºÛ” 75 Ø³Ø§Ù„Û Ø³ÛŒÙ†ÛŒÙ¹Ø± Ø§Ø¹Ø¸Ù… Ø³ÙˆØ§ØªÛŒ Ú©Ùˆ Ø²ÛŒØ±ÙØ­Ø±Ø§Ø³Øª ØªØ´Ø¯Ø¯ Ú©Ø§ Ù†Ø´Ø§Ù†Û Ø¨Ù†Ø§ÛŒØ§ Ú¯ÛŒØ§ØŒØ§Ù†ÛÛŒÚº Ø§Ù†Ú©Û’ Ù¾ÙˆØªÛ’ Ù¾ÙˆØªÛŒÙˆÚº Ú©Û’Ø³Ø§Ù…Ù†Û’ Ù¾ÛŒÙ¹Ø§ Ú¯ÛŒØ§ØŒ Ø§ÛŒÚ© Ø­ØµÛ’Ú©Ùˆ Ú¯Ø±Ø§ Ú©Ø± Ø§Ù†Ú©Û’Ú¯Ú¾Ø± Ù¾Ø± Ø¬Ø¨Ø±Ø§Ù‹ ØªØ§Ù„Û’ Ú†Ú‘Ú¾Ø§Ø¦Û’ Ú¯Ø¦Û’ Ø§ÙˆØ±,ImranKhanPTI
2022-12-11 10:17:58+00:00,1601883986481094658,Everyone should remember this Hadith wherein our beloved Prophet Muhammad PBUH warned how  injustice destroys nations. https://t.co/Q8D3YLq6SD,ImranKhanPTI
2022-12-11 10:17:55+00:00,1601883973235384321,"one prov to another under multiple false FIRs against him in total violation of all laws &amp; basic human rights enshrined in our Constitution. In contrast an absconder responsible for billions in corruption &amp; money laundering, Salman Shahbaz, is drycleaned &amp; returns to Pak.",ImranKhanPTI
2022-12-11 10:17:54+00:00,1601883970525863937,"If anyone wants to understand why Pakistan's economy is now a disaster, just 2 incidents provide the answer. 75 year old Senator Azam Swati has been subjected to custodial torture, beaten up in front of his grandchildren, his house vandalised &amp; sealed, &amp; he is being dragged from",ImranKhanPTI
2022-12-11 05:41:56+00:00,1601814521600942080,ÙÙ¹ Ø¨Ø§Ù„ ÙˆØ±Ù„Úˆ Ú©Ù¾ Ú©Û’ Ø³ÛŒÙ…ÛŒ ÙØ§Ø¦Ù†Ù„Ø² Ù…ÛŒÚº Ù¾ÛÙ†Ú†Ù†Û’ Ú©ÛŒÙ„Ø¦Û’ Ù¾Ø±ØªÚ¯Ø§Ù„ Ø³Û’ Ø¬ÛŒØªÙ†Û’ Ù¾Ø± Ù…Ø±Ø§Ú©Ø´ Ú©Ùˆ Ù…Ø¨Ø§Ø±Ú©Ø¨Ø§Ø¯ Ù¾ÛŒØ´ Ú©Ø±ØªØ§ ÛÙˆÚºÛ” Ù¾ÛÙ„ÛŒ Ù…Ø±ØªØ¨Û Ø§ÛŒÚ© Ø¹Ø±Ø¨ØŒ Ø§ÙØ±ÛŒÙ‚ÛŒ Ø§ÙˆØ± Ù…Ø³Ù„Ù… Ù¹ÛŒÙ… Ú©Ø³ÛŒ ÙÛŒÙØ§ ÙˆØ±Ù„Úˆ Ú©Ù¾ Ú©Û’ Ø³ÛŒÙ…ÛŒ ÙØ§Ø¦Ù†Ù„ ØªÚ© Ù¾ÛÙ†Ú†ÛŒ ÛÛ’Û” Ù…ÛŒÚº Ø³ÛŒÙ…ÛŒ ÙØ§Ø¦Ù†Ù„ Ø§ÙˆØ± Ø§Ø³ Ø³Û’ Ø§Ú¯Ù„Û’ Ù…Ø±Ø§Ø­Ù„Û’ Ù…ÛŒÚº Ø§Ù† Ú©ÛŒ Ú©Ø§Ù…ÛŒØ§Ø¨ÛŒ Ú©ÛŒÙ„Ø¦Û’ Ø¯Ø¹Ø§Ú¯Ùˆ ÛÙˆÚºÛ”,ImranKhanPTI
2022-12-11 03:15:45+00:00,1601777732815585280,"Congratulations to Morocco on their victory over Portugal to reach the Football World Cup semi finals. First time an Arab, African &amp; a Muslim team has reached a FIFA World Cup semi final. Wishing them success in the semi final &amp; beyond.",ImranKhanPTI
2022-12-06 06:36:42+00:00,1600016361933230080,Ø§ÛÙ„Ù Ú©Ø´Ù…ÛŒØ± Ú©ÛŒ Ù‚Ø±Ø¨Ø§Ù†ÛŒÙˆÚº Ú©Ø§ Ø°Ú©Ø± Ù†Û Ú©Ø±Ù†Û’Ù¾Ø± ÙˆØ²ÛŒØ±Ø§Ø¹Ø¸Ù… Ø¢Ø²Ø§Ø¯Ú©Ø´Ù…ÛŒØ± Ú©ÛŒØ¬Ø§Ù†Ø¨ Ø³Û’Ø´ÛØ¨Ø§Ø²Ø´Ø±ÛŒÙ Ú©ÛŒ Ø³Ø±Ø²Ù†Ø´ Ù¾Ø±PDMÙ…Ø§ÙÛŒØ§Ú©Û’Ø°Ø±ÛŒØ¹Û’ Ø³ÛŒÙ†Ù¹ÙˆØ±Ø³ Ù…Ø§Ù„ Ú©Ø§ Ø³ÛŒÙ„ Ú©ÛŒØ§Ø¬Ø§Ù†Ø§ Ø¸Ø§ÛØ±Ú©Ø±ØªØ§ÛÛ’Ú©Û Ú¯Ø²Ø´ØªÛ 8 Ù…Ø§Û Ø³Û’ğŸ‡µğŸ‡°Ù…ÛŒÚº Ø¬Ù†Ú¯Ù„ Ú©Ø§ Ù‚Ø§Ù†ÙˆÙ† Ø±Ø§Ø¦Ø¬ ÛÛ’Û”Ø§Ø³ Ø³Û’Ú©Ø´Ù…ÛŒØ±ÛŒÙˆÚº Ú©ÙˆØ¨Ú¾ÛŒ Ù…Ù†ÙÛŒ Ù¾ÛŒØºØ§Ù… Ø¬Ø§ØªØ§ÛÛ’Û”ÛÙ…Ø§Ø±Û’Ù…Ø¹Ø²Ø²Ø¬Ø¬Ø² Ú©ÛŒÙ„Ø¦Û’Ø³ÙˆØ§Ù„ ÛÛ’Ú©Û Ú©ÛŒØ§ ÙˆÛ Ù‚Ø§Ù†ÙˆÙ† Ú©Û’Ù…Ø­Ø§ÙØ¸ Ù†ÛÛŒÚºØŸ,ImranKhanPTI
2022-12-06 05:59:10+00:00,1600006917652246528,Sealing of Centaurus Mall by PDM mafia in response to PM AJK censuring SS for not mentioning sacrifices of Kashmiris shows there is law of the jungle in Pak since last 8 mths. Sends negative signals to Kashmiris too. Q for our Honourable Judges: Are they not upholders of the Law?,ImranKhanPTI
2022-12-06 04:44:58+00:00,1599988243222568960,Ø§Ø³ Ù‚ÙˆÙ… Ù†Û’ NRO-1 Ú©ÛŒ Ø¨Ú¾Ø§Ø±ÛŒ Ù‚ÛŒÙ…Øª Ú†Ú©Ø§Ø¦ÛŒ ÛÛ’Û” Ø§Ù† Ø¯Ùˆ Ù…Ø¬Ø±Ù… Ø®Ø§Ù†Ø¯Ø§Ù†ÙˆÚº Ø§ÙˆØ± Ø§Ù†Ú©Û’Ø­ÙˆØ§Ø±ÛŒÙˆÚº Ú©ÛŒ Ù„ÙˆÙ¹ Ù…Ø§Ø± Ù†Û’ Ø¯Ø³ Ø¨Ø±Ø³ Ù…ÛŒÚº ÛÙ…Ø§Ø±Ø§ Ù‚Ø±Ø¶ Ú†Ø§Ø± Ú¯Ù†Ø§ Ø¨Ú‘Ú¾Ø§ Ø¯ÛŒØ§Û” NRO 2 ØªÙˆ Ø§Ø³ Ø³Û’ Ø¨Ú¾ÛŒ Ø¨Ú‘Ú¾ Ú©Ø± Ø´Ø±Ù…Ù†Ø§Ú© ÛÛ’! 1100 Ø§Ø±Ø¨ Ø±ÙˆÙ¾Û’ Ú©Û’ Ú©Ø±Ù¾Ø´Ù† Ú©ÛŒØ³Ø² Ú©Ùˆ Ù…Ø¹Ø§ÙÛŒ Ùˆ Ø§Ø³ØªØ«Ù†ÛŒÙ° Ø¯ÛŒØ§ Ø¬Ø§Ø±ÛØ§ ÛÛ’Û”Ù‚ÙˆÙ… Ú©ÛŒ Ø¬ÛŒØ¨ÙˆÚº Ù¾Ø± ÛŒÛ Ø¯Ù† Ø¯ÛŒÛØ§Ú‘Û’ Ø§ÛŒÚ© ÚˆØ§Ú©Û ÛÛ’! https://t.co/T9FLfO9nmi,ImranKhanPTI
2022-12-06 03:57:39+00:00,1599976335807369217,NRO 1 cost this nation dearly. The loot &amp; plunder of these two crooked families &amp; their associates increased our debt four times in ten years. NRO2 is even more shameful. Rs 1100 billion corruption cases are being given immunity. Daylight robbery! https://t.co/rk4B8EKPYb,ImranKhanPTI
2022-12-05 16:14:00+00:00,1599799257674174466,Ù…ÛŒØ±ÛŒ ÛØ¯Ø§ÛŒØ§Øª Ù¾Ø± Ù„Ù†Ø¯Ù† Ù…ÛŒÚº Ø¬ÛŒÙˆ Ù¹ÛŒ ÙˆÛŒ Ù„Ù…ÛŒÙ¹ÛŒÚˆ Ú©Ùˆ Ù‚Ø§Ù†ÙˆÙ†ÛŒ Ù†ÙˆÙ¹Ø³ Ø¨Ú¾Ø¬ÙˆØ§ Ø¯ÛŒØ§ Ú¯ÛŒØ§ ÛÛ’Û”Ù…ÛŒØ±Û’ÙˆÚ©Ù„Ø§Ø¡ Ù†Û’ÛŒÛ Ù†ÙˆÙ¹Ø³ Pre Action Protocol for Media &amp; Communications Claims Ú©Û’ØªØ­Øª Ø¨Ú¾ÛŒØ¬Ø§ÛÛ’Û”Ø¬ÛŒÙˆ Ù¹ÛŒ ÙˆÛŒ Ù„Ù…ÛŒÙ¹ÛŒÚˆ Ú©ÙˆØ¢Ø¬ Ù„Ù†Ø¯Ù† Ù…ÛŒÚº Ø¨Ø§Ø¶Ø§Ø¨Ø·Û Ø·ÙˆØ± Ù¾Ø± Letter of Claim Ø¯Û’Ø¯ÛŒØ§ Ú¯ÛŒØ§ÛÛ’ Ø§ÙˆØ± Ø§Ù†Ú©Û’Ù¾Ø§Ø³ Ø¬ÙˆØ§Ø¨ Ú©ÛŒÙ„Ø¦Û’14 Ø±ÙˆØ² Ú©ÛŒ Ù…ÛÙ„Øª ÛÛ’Û”,ImranKhanPTI
2022-12-05 14:32:11+00:00,1599773636675907585,"Had instructed lawyers in UK, incldng Leading Counsel,to start legal proceedings against Geo TV Limited pursuant to the Pre Action Protocol for Media &amp; Communications Claims.A
formal letter of claim has been served today on Geo TV Limited in London &amp; they have 14 days to respond",ImranKhanPTI
2022-12-05 08:33:30+00:00,1599683369654026240,ØªÙ…Ø§Ù… ØªØ± Ù…Ø´Ú©Ù„Ø§Øª Ú©Û’ Ø¨Ø§ÙˆØ¬ÙˆØ¯ Ø¨Ù„Ø¯ÛŒØ§ØªÛŒ Ø§Ù†ØªØ®Ø§Ø¨Ø§Øª Ù…ÛŒÚº ØªØ­Ø±ÛŒÚ© Ø§Ù†ØµØ§Ù Ú©ÛŒ Ú©Ø§Ù…ÛŒØ§Ø¨ÛŒ Ù¾Ø± Ù¾Ø§Ú©Ø³ØªØ§Ù† ØªØ­Ø±ÛŒÚ© Ø§Ù†ØµØ§Ù Ø¢Ø²Ø§Ø¯ Ø¬Ù…ÙˆÚº Ùˆ Ú©Ø´Ù…ÛŒØ± Ø§ÙˆØ± Ø³Ø±Ø¯Ø§Ø± ØªÙ†ÙˆÛŒØ± Ø§Ù„ÛŒØ§Ø³ Ú©Ùˆ Ù…Ø¨Ø§Ø±Ú©Ø¨Ø§Ø¯ Ù¾ÛŒØ´ Ú©Ø±ØªØ§ ÛÙˆÚºÛ” https://t.co/o694AXeMWf,ImranKhanPTI
2022-12-05 08:28:57+00:00,1599682225469263874,Congratulations to AJK PTI &amp; Sardar Ilyas for PTI's success in LG elections against all odds. https://t.co/QKZkz6Z5jJ,ImranKhanPTI
2022-12-04 10:49:07+00:00,1599355109439602688,"Ø§Ú„ Ø§Ø³Ø§Ù† Ø³Ù†ÚŒ Ø¬ÙŠ Ø´Ø§Ù†Ø¯Ø§Ø± Ø«Ù‚Ø§ÙØª Û½ Ø±ÙˆØ§ÙŠØªÙ† Ú©ÙŠ Ù…Ù„Ù‡Ø§Ø¦ÙŠ Ø±Ù‡ÙŠØ§ Ø¢Ù‡ÙŠÙˆÙ† Ø¬ÙŠÚªÙŠ Ù‚Ø¯ÙŠÙ… Ø³Ù†ÚŒÙˆ Ù…Ø§Ù¿Ø±ÙŠ Ø¬ÙŠ ØªÙ‡Ø°ÙŠØ¨ Ø³Ø§Ù† Ù„Ø§Ú³Ø§Ù¾ÙŠÙ„ Ø¢Ù‡Ù†.

Ø³Ù†ÚŒ ØµÙˆÙÙŠÙ† Ø¬ÙŠ ÚŒØ±ØªÙŠ Ø¢Ù‡ÙŠØŒ Ù¾Ø± Ø¨Ø¯Ù‚Ø³Ù…ØªÙŠØ¡Ù Ø³Ø§Ù† Ø²Ø±Ø¯Ø§Ø±ÙŠ Ù…Ø§ÙÙŠØ§ Ø¬ÙŠ Ø¬Ø¨Ø± Ù‡ÙŠÙº Ø¢Ù‡ÙŠ.

 Ø³Ù†ÚŒ Ù¾Ù†Ù‡Ù†Ø¬ÙŠ Ø¹Ø¸Ù…Øª Û½ Ø¢Ø²Ø§Ø¯ÙŠ Ø­Ø§ØµÙ„ ÚªØ±Ú» Ù„Ø§Ø¡Ù ÙˆØ±ÙŠ Ø¸Ø§Ù„Ù… Ø¬ÙŠ Ø®Ù„Ø§Ù Ø§Ù¿Ù†Ø¯ÙŠ.",ImranKhanPTI
2022-12-04 08:54:51+00:00,1599326352401760257,"Today we celebrate the rich culture &amp; traditions of Sindh going back to the great Indus Valley Civilization. Itâ€™s the land of the Sufis &amp; freedom, but sadly, suffering under the tyranny of Zardari mafia. Sindh will rise again against the tyrant to reclaim its greatness &amp; freedom.",ImranKhanPTI
2022-12-03 12:47:56+00:00,1599022621630136324,2021 Ù…ÛŒÚº Ù„Ø§Ù„ Ø³ÙÛØ§Ø±Ù†Û Ù†ÛŒØ´Ù†Ù„ Ù¾Ø§Ø±Ú© Ú©ÛŒ Ú©ÛŒÙÛŒØª Ø§ÙˆØ± Ø§Ø¨ 2022 Ú©Û’ ØªØ§Ø²Û ØªØ±ÛŒÙ† Ù…Ù†Ø§Ø¸Ø±! Ø¨ÛŒÙ† Ø§Ù„Ø§Ù‚ÙˆØ§Ù…ÛŒ Ø³Ø·Ø­ Ù¾Ø± Ø­Ø±ÙÙ Ø¯Ø§Ø¯Ø³Ù…ÛŒÙ¹Ù†Û’ÙˆØ§Ù„Û’ ÛÙ…Ø§Ø±Û’ #TenBillionTreeTsunami Ù…Ù†ØµÙˆØ¨Û’ Ú©Û’ØªØ­Øª Ù…Ø§Ø­ÙˆÙ„ÛŒØ§ØªÛŒ ØªØºÛŒØ±Ø§Øª Ø³Û’ Ù†Ù…Ù¹Ù†Û’ Ú©ÛŒÙ„Ø¦Û’ Ø§ÛŒÚ© Ø³Ø¨Ø² Ø§Ù†Ù‚Ù„Ø§Ø¨ ÙˆÙ‚ÙˆØ¹ Ù¾Ø°ÛŒØ± ÛÙˆØ±ÛØ§ ÛÛ’Û” https://t.co/IOZjzeBNFc,ImranKhanPTI
2022-12-03 12:27:24+00:00,1599017456223211520,Lal Soharna National Park in 2021 &amp; now in 2022. Under our internationally acclaimed  #TenBillionTreeTsunami the green transformation is taking place to counter climate change. https://t.co/l00twCQ0Kj,ImranKhanPTI
2022-12-03 11:08:06+00:00,1598997497984081923,Ø¹Ø§Ø±Ø¶Û‚ Ù‚Ù„Ø¨ Ù…ÛŒÚº Ù…Ø¨ØªÙ„Ø§74Ø³Ø§Ù„Û Ø³ÛŒÙ†ÛŒÙ¹Ø±Ø³ÙˆØ§ØªÛŒ Ú©Ùˆ ÙÙˆØ±Ø§Ù‹ Ø±ÛØ§ Ú©ÛŒØ§ Ø¬Ø§Ø¦Û’Û”Ú©ÛŒÙˆÙ†Ú©Û Ø§ÙˆÙ‘Ù„ ØªÙˆØ§Ù†ÛÙˆÚº Ù†Û’Ø§ÛŒØ³Ø§Ú©ÙˆØ¦ÛŒ Ø¬Ø±Ù… ÛÛŒ Ù†ÛÛŒÚº Ú©ÛŒØ§ Ú©Û Ø§Ø³ Ø°ÛÙ†ÛŒ ÙˆØ¬Ø³Ù…Ø§Ù†ÛŒ Ø§Ø°ÛŒØª Ú©Û’Ù…Ø³ØªØ­Ù‚ Ù¹Ú¾ÛØ±ÛŒÚºÛ” Ø¯ÙˆÙ… ÛŒÛ Ú©Û Ø§Ù†Ú©Û’Ø®Ù„Ø§Ù Ø®ÙˆØ¯Ø³ÙØ±ÛŒ Ø§ÙˆØ± Ø§Ù†ØªÙ‚Ø§Ù… Ù¾Ø± Ù…Ø¨Ù†ÛŒ Ø§Ù‚Ø¯Ø§Ù…Ø§Øª Ø³Û’ÛÙ…Ø§Ø±ÛŒ ÙÙˆØ¬ Ú©ÛŒ Ø³Ø§Ú©Ú¾ØŒ Ø¬Ùˆ Ú©Û Ø§ÛŒÚ© Ù…Ø¶Ø¨ÙˆØ· Ù¾Ø§Ú©Ø³ØªØ§Ù† Ú©ÛŒÙ„Ø¦Û’ Ù†Ø§Ú¯Ø²ÛŒØ±ÛÛ’ØŒ Ù¾Ø± Ø­Ø±Ù Ø¢ØªØ§ÛÛ’Û”,ImranKhanPTI
2022-12-03 11:08:03+00:00,1598997487800307713,ÛÙ…Ø§Ø±ÛŒ ÙÙˆØ¬ Ú©Û’ Ø¨Ø§Ø±Û’ Ù…ÛŒÚº Ù…Ù†ÙÛŒ ØªØ§Ø«Ø± Ø§Ø¨Ú¾Ø± Ø±ÛØ§ ÛÛ’ Ú©ÛŒÙˆÙ†Ú©Û Ù…ÙˆØ¬ÙˆØ¯Û Ø§Ù…Ù¾ÙˆØ±Ù¹ÚˆØ³Ø±Ú©Ø§Ø± Ú©Ùˆ ØªÙˆ Ù…Ø­Ø¶ Ú©Ù¹Ú¾ Ù¾ØªÙ„ÛŒ Ø±Ø§Ø¬ ÛÛŒ Ú©Û’Ø·ÙˆØ± Ù¾Ø± Ø¯ÛŒÚ©Ú¾Ø§ Ø¬Ø§ØªØ§ÛÛ’Û”Ø§Ù…ÛŒØ¯ ØªÙˆ ÛŒÛÛŒ ØªÚ¾ÛŒ Ú©Û Ù†Ø¦ÛŒ Ø¹Ø³Ú©Ø±ÛŒ Ù‚ÛŒØ§Ø¯Øª ØªØ­Ø±ÛŒÚ© Ø§Ù†ØµØ§ÙØŒÙ…ÛŒÚˆÛŒØ§Ø§ÙˆØ± Ù†Ø§Ù‚Ø¯ ØµØ­Ø§ÙÛŒÙˆÚº Ú©ÛŒØ®Ù„Ø§Ù Ù¾Ú†Ú¾Ù„Û’ 8 Ù…Ø§Û Ø³Û’ Ø¬Ø§Ø±ÛŒ Ø¨Ø§Ø¬ÙˆÛ Ú©Û’ ÙØ³Ø·Ø§Ø¦ÛŒ ÛØªÚ¾Ú©Ù†ÚˆÙˆÚº Ú©Û’Ø³Ù„Ø³Ù„Û’ Ø³Û’ Ø®ÙˆØ¯ Ú©Ùˆ Ø§Ù„Ú¯ Ú©Ø± Ù„Û’Ú¯ÛŒÛ”,ImranKhanPTI
2022-12-03 11:08:02+00:00,1598997483157278721,Ø³ÛŒÙ†ÛŒÙ¹Ø± Ø§Ø¹Ø¸Ù… Ø³ÙˆØ§ØªÛŒ Ø³Û’ Ø±ÙˆØ§ Ø±Ú©Ú¾Û’ Ø¬Ø§Ù†Û’ ÙˆØ§Ù„Û’ Ø§Ù†ØªÙ‚Ø§Ù… Ø³Û’ Ø¨Ú¾Ø±Ù¾ÙˆØ± Ø¬Ø¨Ø± Ùˆ ØªØ´Ø¯Ø¯ Ù¾Ø± Ù‚ÙˆÙ… Ø­ÛŒØ±Øª Ùˆ ØµØ¯Ù…Û’ Ú©ÛŒ Ø´Ú©Ø§Ø± ÛÛ’ Ú©Û ÛŒÛ Ø³Ø¨ Ú©Ø³ Ø¬ÙØ±Ù… Ú©ÛŒ Ù¾Ø§Ø¯Ø§Ø´ Ù…ÛŒÚº Ú©ÛŒØ§ Ø¬Ø§Ø±ÛØ§ ÛÛ’ØŸ Ú©ÛŒØ§ ÛŒÛ Ø³Ø¨ Ø³Ø®Øª Ø²Ø¨Ø§Ù† Ø§Ø³ØªØ¹Ù…Ø§Ù„ Ú©Ø±Ù†Û’ Ø§ÙˆØ± Ø³ÙˆØ§Ù„ Ø§Ù¹Ú¾Ø§Ù†Û’ Ù¾Ø± Ú©ÛŒØ§ Ø¬Ø§Ø±ÛØ§ ÛÛ’Ø¬Ø³ Ú©Ø§ Ø§ÛŒÚ© Ø¬Ù…ÛÙˆØ±ÛŒ Ù…Ø¹Ø§Ø´Ø±Û’ Ù…ÛŒÚº Ù…ÛŒÚº Ø³Ø¨ Ú©Ùˆ Ø­Ù‚ Ø­Ø§ØµÙ„ ÛÛ’ØŸ Ù¾Ø§Ú©Ø³ØªØ§Ù†ØŒ Ø®Ø§Øµ Ø·ÙˆØ± Ù¾Ø±,ImranKhanPTI
2022-12-03 10:09:37+00:00,1598982780649897986,"not only bec he has committed no crime to deserve this mental &amp; physical torture, but also because this petulant &amp; vengeful targeting is undermining our mly's credibility which is critical for a strong Pakistan.",ImranKhanPTI
2022-12-03 10:09:35+00:00,1598982775025340416,"bec the present Imported govt is seen as a mere puppet govt. One had hoped the new mly ldrship would have immed disassociated from the 8 mths of Bajwa's fascist actions against PTI, the media &amp; critical journalists. The 74 yr old heart patient Senator Swati must be released immed",ImranKhanPTI
2022-12-03 10:09:35+00:00,1598982772458393600,The entire nation is shocked at the vindictive cruelty Senator Azam Swati is being subjected to &amp; for what crime?  For intemperate language &amp; asking questions which is the right of anyone in a democracy? Internationally Pak &amp; esp our mly is being perceived increasingly negatively,ImranKhanPTI
2022-12-02 11:39:07+00:00,1598642916473204736,Ø§Ú©Ø¨Ø± Ù„ÛŒØ§Ù‚Øª Ø¹Ù„ÛŒ Ø®Ø§Ù† Ú©ÛŒ Ø±Ø­Ù„Øª Ú©Û’ Ø¨Ø§Ø±Û’ Ù…ÛŒÚº Ø¬Ø§Ù† Ú©Ø± Ø±Ù†Ø¬ÛŒØ¯Û ÛÙˆÚºÛ” Ù…ÛŒØ±ÛŒ Ø¯Ø¹Ø§Ø¦ÛŒÚº Ø§ÙˆØ± ÛÙ…Ø¯Ø±Ø¯ÛŒØ§Úº Ø§Ù† Ú©Û’ Ø§ÛÙ„Ù Ø®Ø§Ù†Û Ú©Û’ Ø³Ø§ØªÚ¾ ÛÛŒÚºÛ”,ImranKhanPTI
2022-12-02 11:22:01+00:00,1598638614681948162,Saddened to learn of the passing of Akbar Liaquat Ali Khan. My prayers &amp; condolences go to the family.,ImranKhanPTI
2022-12-02 11:15:28+00:00,1598636965368188928,Ø§Ø³ÛŒ Ø·Ø±Ø­ ØªÙ†Ù‚ÛŒØ¯ Ú©Û’Ø­Ù‚ØŒØ¬Ø³Û’Ø³Ø§Ø±ÛŒ Ù…ÛØ°Ø¨ Ø¯Ù†ÛŒØ§ Ù…ÛŒÚº Ø§Ù†Ú©Ø§ Ø¨Ù†ÛŒØ§Ø¯ÛŒ Ø­Ù‚ ØªØµÙˆØ± Ú©ÛŒØ§ Ø¬Ø§ØªØ§ØŒ Ú©Ùˆ Ø§Ù†Ú©Ø§ Ø¹Ø¸ÛŒÙ… ØªØ±ÛŒÙ† Ø¬Ø±Ù… Ø´Ù…Ø§Ø± Ú©ÛŒØ§Ø¬Ø§Ù†Ø§Ø¨Ú¾ÛŒ Ù†Ø±ÛŒ ÙˆØ­Ø´Øª ÛÛ’Û”Ø§Ù†ÛÛŒÚº ÙÙˆØ±Ø§Ù‹ Ø±ÛØ§Ú©ÛŒØ§ Ø¬Ø§Ø¦Û’! Ù…Ù‚Ø§Ù…Ù Ø§ÙØ³ÙˆØ³ ÛÛ’Ú©Û ÛÙ…Ø§Ø±Ø§ Ù†Ø¸Ø§Ù…Ù Ø§Ù†ØµØ§Ù Ø³ÙˆØ§ØªÛŒ Ú©Û’ Ø¨Ù†ÛŒØ§Ø¯ÛŒ Ø­Ù‚ÙˆÙ‚ Ú©ÛŒ Ø¨Ø§Ø± Ø¨Ø§Ø± Ú©ÛŒ Ø¬Ø§Ù†Û’ ÙˆØ§Ù„ÛŒ Ø®Ù„Ø§Ù ÙˆØ±Ø²ÛŒØ§Úº Ø±ÙˆÚ©Ù†Û’ Ù¾Ø± Ø¨Ø§Ù„Ú©Ù„ Ø¢Ù…Ø§Ø¯Û Ùˆ ØªÛŒØ§Ø± Ù†ÛÛŒÚº!,ImranKhanPTI
2022-12-02 11:15:28+00:00,1598636963891974145,Ø¬Ø³ Ø§Ù†Ø¯Ø§Ø² Ù…ÛŒÚº Ø³ÛŒÙ†ÛŒÙ¹Ø±Ø³ÙˆØ§ØªÛŒ Ú©Ùˆ Ù†Ø´Ø§Ù†Û‚ Ø§Ù†ØªÙ‚Ø§Ù… Ø¨Ù†Ø§ÛŒØ§Ø¬Ø§Ø±ÛØ§ÛÛ’ ÙˆÛ Ù†ÛØ§ÛŒØª Ø§ÙØ³ÙˆØ³Ù†Ø§Ú© Ø§ÙˆØ± Ù‚Ø§Ø¨Ù„Ù Ù…Ø°Ù…Øª ÛÛ’Û”Ø³ÛŒÙ†Û’Ù…ÛŒÚº Ø´Ø¯ÛŒØ¯ Ø¯Ø±Ø¯ Ø§ÙˆØ± Ø³Ø§Ù†Ø³ Ù…ÛŒÚº Ø¯Ø´ÙˆØ§Ø±ÛŒ Ú©Û’Ø¨Ø§Ø¹Ø« Ø§Ù†ÛÛŒÚº ØµØ¨Ø­ Ø³ÙˆÛŒØ±Û’Ù¾Ù…Ø²Ù…Ù†ØªÙ‚Ù„ Ú©ÛŒØ§Ú¯ÛŒØ§Û”Ø§Ù†Ú©Û’Ù¹ÛŒØ³Ù¹Ø³ Ú©Û’Ù†ØªØ§Ø¦Ø¬ Ø¢Ù†Ø§ Ø¨Ø§Ù‚ÛŒ ØªÚ¾Û’Ú©Û Ú©ÙˆØ¦Ù¹Û Ù¾ÙˆÙ„ÛŒØ³ Ù†Û’Ø§Ù†Ú©ÛŒ Ø¬Ø§Ù† Ø³Û’Ú©Ú¾ÛŒÙ„ØªÛ’ÛÙˆØ¦Û’ Ø§Ù†ÛÛŒÚº Ø§Ø³Ù¾ØªØ§Ù„ Ø³Û’ÙØ§Ø±Øº Ú©Ø±ÙˆØ§ÛŒØ§ Ø§ÙˆØ± Ø³Ø§ØªÚ¾ Ù„Û’Ú¯Ø¦ÛŒ,ImranKhanPTI
2022-12-02 07:51:31+00:00,1598585638915170304,Equally outrageous is what is being considered such a great crime would in entire civilised world be considered his democratic right to criticise. He must be released immediately. Sad to see our justice system unwilling to stop repeated violations of Swati's basic human rights.,ImranKhanPTI
2022-12-02 07:51:30+00:00,1598585636922998785,"The vengeful manner in which Senator  Swati is being treated is shocking &amp; condemnable. He was moved to PIMS early morning after suffering severe chest pains &amp; breathing issues. While test results were awaited, Quetta police got him discharged &amp; took him away endangering his life",ImranKhanPTI
2022-12-01 10:48:24+00:00,1598267766632747009,"Ø§Ø¨Ø±Ø§Ø± Ø§Ù„Ø­Ù‚ Ø§ÛŒÚ© Ù…Ø±ØªØ¨Û Ù¾Ú¾Ø±Ø­Ù‚ÛŒÙ‚ÛŒ Ø¢Ø²Ø§Ø¯ÛŒ Ú©Û’ Ø­ÙˆØ§Ù„Û’ Ø³Û’ Ø§ÛŒÚ© Ø´Ø§Ù†Ø¯Ø§Ø± ØªØ±Ø§Ù†Û Ù„Ø§Ø¦Û’ ÛÛŒÚºÛ”ØµØ­ÛŒØ­ Ù…Ø¹Ù†ÙˆÚº Ù…ÛŒÚº Ø¢Ø²Ø§Ø¯ Ù‚ÙˆÙ…ÛŒÚº ÛÛŒ Ø§ÙˆÙ¾Ø± Ø§Ù¹Ú¾Ù†Û’Ø§ÙˆØ±Ø§Ù‚Ø¨Ø§Ù„ Ú©Ø§ Ø´Ø§ÛÛŒÙ† Ø¨Ù†Ù†Û’Ú©ÛŒÙ„Ø¦Û’Ø§Ù¾Ù†ÛŒ Ø¨Û’Ù¾Ù†Ø§Û Ø§Ù†Ø³Ø§Ù†ÛŒ ØµÙ„Ø§Ø­ÛŒØªÛŒÚº Ø¨Ø±ÙˆØ¦Û’ Ú©Ø§Ø± Ù„Ø§ØªÛŒ ÛÛŒÚºÛ”
https://t.co/MEifeG5wza",ImranKhanPTI
2022-12-01 09:39:27+00:00,1598250414558019584,"Abrar ul Haque has again come up with a great tarana about Haqeeqi Azadi. Only truly free (Azad) nations fulfill their immense human potential to rise &amp; become Iqbal's Shaheen.
https://t.co/MEifeG5wza",ImranKhanPTI
2022-11-30 08:27:15+00:00,1597869858506829824,Ú†ÛŒØ¦Ø±Ù…ÛŒÙ† Ø¬ÙˆØ§Ø¦Ù†Ù¹ Ú†ÛŒÙØ³ Ø¢Ù Ø³Ù¹Ø§Ù Ú©Ù…ÛŒÙ¹ÛŒ Ø§ÙˆØ± Ú†ÛŒÙ Ø¢Ù  Ø¢Ø±Ù…ÛŒ Ø³Ù¹Ø§Ù Ú©Û’Ù…Ù†ØµØ¨ Ø³Ù†Ø¨Ú¾Ø§Ù„Ù†Û’Ù¾Ø±Ø¬Ù†Ø±Ù„ Ø³Ø§Ø­Ø±Ø´Ù…Ø´Ø§Ø¯Ù…Ø±Ø²Ø§ Ø§ÙˆØ±Ø¬Ù†Ø±Ù„ Ø³ÛŒÙ‘Ø¯Ø¹Ø§ØµÙ… Ù…Ù†ÛŒØ± Ú©ÙˆÙ…Ø¨Ø§Ø±Ú©Ø¨Ø§Ø¯Ù¾ÛŒØ´ Ú©Ø±ØªØ§ÛÙˆÚºÛ”Ø§Ù…ÛŒØ¯ÛÛ’Ú©Û Ù†Ø¦ÛŒ Ø¹Ø³Ú©Ø±ÛŒ Ù‚ÛŒØ§Ø¯Øª Ù…Ù„Øª ÙˆØ±ÛŒØ§Ø³Øª Ú©Û’Ù…Ø§Ø¨ÛŒÙ† Ú¯Ø²Ø´ØªÛ8Ù…Ø§Û Ù…ÛŒÚº Ø¬Ù†Ù… Ù„ÛŒÙ†Û’ÙˆØ§Ù„Û’Ø§Ø¹ØªÙ…Ø§Ø¯Ú©Û’ÙÙ‚Ø¯Ø§Ù† Ú©Û’Ø®Ø§ØªÙ…Û’Ú©ÛŒ Ø³Ø¨ÛŒÙ„ Ú©Ø±Û’Ú¯ÛŒÛ”Ù‚ÙˆØªÙ Ø±ÛŒØ§Ø³Øª Ø¹ÙˆØ§Ù… ÛÛŒ Ø³Û’Ú©Ø´ÛŒØ¯ Ú©ÛŒ Ø¬Ø§ØªÛŒ ÛÛ’ https://t.co/cDC3L0jTYh,ImranKhanPTI
2022-11-30 07:53:24+00:00,1597861339707609090,Congratulations to Gen Sahir Shamshad Mirza as new CJCSC &amp; Gen   Syed Asim Munir as new COAS. We  hope new mly ldrship will work to end prevailing trust deficit that has built up in last 8 months between the nation and the State. Strength of the State is derived from its people. https://t.co/5k4fVA2UGb,ImranKhanPTI
2022-11-29 17:12:50+00:00,1597639736981880833,"Ù…ÛŒÚº Ù†Û’ Ø§Ø³ Ø¯Ø±Ø®ÙˆØ§Ø³Øª Ù¾Ø± Ø¯Ø³ØªØ®Ø· Ú©Ø±Ø¯ÛŒÛ’ ÛÛŒÚº Ø§ÙˆØ± Ù…ÛŒÚº Ú†Ø§ÛØªØ§ ÛÙˆÚº Ú©Û ÙˆÛ ØªÙ…Ø§Ù… Ù„ÙˆÚ¯ Ø¨Ú¾ÛŒ Ø§Ø³ Ù¾Ø± Ø¯Ø³ØªØ®Ø· Ú©Ø±ÛŒÚº Ø¬Ù†ÛÛŒÚº Ø§ÙØ³ Ø³Ø¨ Ù¾Ø± Ø¯Ú©Ú¾ ÛÛ’Ø¬Ø³ Ø³Û’Ø§Ø¹Ø¸Ù… Ø³ÙˆØ§ØªÛŒ Ù…Ø³Ù„Ø³Ù„ Ú¯Ø²Ø± Ø±ÛÛ’ ÛÛŒÚº Ø§ÙˆØ± Ø¬Ùˆ Ø§Ù†Ø³Ø§Ù†ÛŒ Ø­Ù‚ÙˆÙ‚ Ùˆ Ù‚Ø§Ù†ÙˆÙ† Ú©ÛŒ Ø­Ú©Ù…Ø±Ø§Ù†ÛŒ Ú©Û’ Ø­ÙˆØ§Ù„Û’ Ø³Û’ ÙÚ©Ø±Ù…Ù†Ø¯ ÛÛŒÚºÛ”
https://t.co/qNosD3hhAe",ImranKhanPTI
2022-11-29 16:41:19+00:00,1597631806030782464,"I have signed this petition; and I want all those who are appalled at what Azam Swati continues to go through &amp; those who care about rule of law &amp; human rights should also sign this petition. 
https://t.co/qNosD2Z8m6",ImranKhanPTI
2022-11-29 07:40:06+00:00,1597495603520733185,Ø§ÛŒØ³ Ø§ÛŒÙ… Ù…Ù†ÛŒØ± Ú©Û’ Ø§Ù†ØªÙ‚Ø§Ù„ Ù¾Ø± Ø±Ù†Ø¬ÛŒØ¯Û ÛÙˆÚºÛ” ÙˆÛ Ø´ÙˆÚ©Øª Ø®Ø§Ù†Ù… Ù…ÛŒÙ…ÙˆØ±ÛŒÙ„ Ù¹Ø±Ø³Ù¹ Ú©Û’ Ø¨ÙˆØ±Úˆ Ú©Ø§ Ø­ØµÛ Ø§ÙˆØ± ÛÙ…Ø§Ø±Û’ Ù†ÛØ§ÛŒØª ÙØ±Ø§Ø®Ø¯Ù„ Ø¹Ø·ÛŒØ§Øª Ú©Ù†Ù†Ø¯Ú¯Ø§Ù† Ù…ÛŒÚº Ø³Û’ Ø§ÛŒÚ© ØªÚ¾Û’Û” Ù…ÛŒØ±ÛŒ Ø¯Ø¹Ø§Ø¦ÛŒÚº Ø§ÙˆØ± ÛÙ…Ø¯Ø±Ø¯ÛŒØ§Úº Ø§Ù† Ú©Û’ Ø§ÛÙ„Ù Ø®Ø§Ù†Û Ú©Û’ Ø³Ø§ØªÚ¾ ÛÛŒÚºÛ”,ImranKhanPTI
2022-11-29 07:31:08+00:00,1597493347752775680,Saddened to learn of the passing of SM Muneer. He was on our SKMT Board and one of our most generous donors. My prayers &amp; condolences go to the family.,ImranKhanPTI
2022-11-28 10:47:23+00:00,1597180346466185216,Ù…ÛŒÚº Ø§Ø³Ù¾ØªØ§Ù„ Ú©Ú¾ÙˆÙ„ Ø¯ÛŒØ§Ø¬Ø§Ø¦Û’Ú¯Ø§ØŒØ§Ù†Ø´Ø§Ø¡Ø§Ù„Ù„ÛÛ”Ù…Ù†ØµÙˆØ¨Û’ Ú©ÛŒ Ø¨Ø±ÙˆÙ‚Øª ØªÚ©Ù…ÛŒÙ„ Ú©ÛŒÙ„Ø¦Û’ÛÙ…ÛŒÚº Ø¢Ù¾Ú©ÛŒ Ù¾ÛŒÛÙ… Ù…Ø¹Ø§ÙˆÙ†Øª Ø¯Ø±Ú©Ø§Ø± ÛÛ’ ØªØ§Ú©Û Ú©Ø±Ø§Ú†ÛŒØŒØ§Ù†Ø¯Ø±ÙˆÙ† Ø³Ù†Ø¯Ú¾ Ø§ÙˆØ± Ø¨Ù„ÙˆÚ†Ø³ØªØ§Ù† Ú©Û’Ù„ÙˆÚ¯ÙˆÚº Ú©Ùˆ Ø³Ø±Ø·Ø§Ù†(Ú©ÛŒÙ†Ø³Ø±)Ú©Û’Ù…Ø¹ÛŒØ§Ø±ÛŒ Ø¹Ù„Ø§Ø¬ Ú©ÛŒ Ø³ÛÙˆÙ„ÛŒØ§Øª ÙØ±Ø§ÛÙ… Ú©Ø± Ø³Ú©ÛŒÚºÛ”Ù…Ø¬Ú¾Û’Ø§Ø¹ØªÙ…Ø§Ø¯ÛÛ’Ú©Û Ø§Ø³Ù¾ØªØ§Ù„ Ú©ÛŒ ØªÚ©Ù…ÛŒÙ„ Ú©ÛŒÙ„Ø¦Û’Ù…ÛŒÚº ÛÙ…ÛŒØ´Û Ú©ÛŒØ·Ø±Ø­ Ø§ÛÙ„Ù Ù¾Ø§Ú©Ø³ØªØ§Ù† Ù¾Ø± Ø§Ù†Ø­ØµØ§Ø± Ú©Ø±Ø³Ú©ØªØ§ÛÙˆÚº,ImranKhanPTI
2022-11-28 10:47:22+00:00,1597180343114948608,Ø´ÙˆÚ©Øª Ø®Ø§Ù†Ù… Ù…ÛŒÙ…ÙˆØ±ÛŒÙ„ Ú©ÛŒÙ†Ø³Ø±ÛØ³Ù¾ØªØ§Ù„ Ø§ÛŒÙ†Úˆ Ø±ÛŒØ³Ø±Ú† Ø³Ù†Ù¹Ø± Ú©Ø±Ø§Ú†ÛŒ Ú©ÛŒ Ø¹Ù…Ø§Ø±Øª Ú©Ø§ ÚˆÚ¾Ø§Ù†Ú†Û Ù…Ú©Ù…Ù„ ÛÙˆÚ†Ú©Ø§ÛÛ’Û”Ù„Ø§ÛÙˆØ± Ú©Û’ Ø§Ø³Ù¾ØªØ§Ù„ Ø³Û’Ø¯ÙˆÚ¯Ù†ÛŒ Ø¬Ø³Ø§Ù…Øª Ú©Ø§ Ø­Ø§Ù…Ù„ ÛŒÛ Ú©ÛŒÙ†Ø³Ø± Ø§Ø³Ù¾ØªØ§Ù„ Ù¾Ø§Ú©Ø³ØªØ§Ù† Ù…ÛŒÚº Ø«Ø§Ù„Ø«ÛŒ Ø¯Ø±Ø¬Û’ (Tertiary Care) Ú©ÛŒ ØµØ­Øª Ú©ÛŒ Ø³ÛÙˆÙ„ÛŒØ§Øª ÙØ±Ø§ÛÙ… Ú©Ø±Ù†Û’ÙˆØ§Ù„Ø§ Ø³Ø¨ Ø³Û’Ø¨Ú‘Ø§ Ù…Ø±Ú©Ø² ÛÙˆÚ¯Ø§Û”ØªØ²Ø¦ÛŒÙ† Ùˆ Ø¢Ø±Ø§Ø¦Ø´ Ú©Û’Ø³Ù„Ø³Ù„Û’Ú©Ø§ Ø¢ØºØ§Ø² ÛÙˆÚ†Ú©Ø§ÛÛ’Ø§ÙˆØ± Ø¯Ø³Ù…Ø¨Ø± 2023 https://t.co/X4NdRblLDZ,ImranKhanPTI
2022-11-28 09:31:52+00:00,1597161344003776512,"We need your continuing support in order to complete the project on time, so that we can provide high quality cancer care to the people of Karachi, interior Sind &amp; Balochistan. I know I can rely on the ppl of Pak as always to see this through to completion.",ImranKhanPTI
2022-11-28 09:31:51+00:00,1597161338987761664,"Physical structure of Shaukat Khanum Memorial Cancer Hospital &amp; Research Centre Karachi completed. Twice the size of the Lahore hospital, this will be Pakistanâ€™s largest tertiary care, cancer hospital. Finishing work has commenced &amp; the hospital will open Dec 2023, InshaAllah. https://t.co/L4eTGPT2Sl",ImranKhanPTI
2022-11-28 08:54:31+00:00,1597151943998439425,Ø±Ø¯ÙØ¹Ù…Ù„ Ú©Ø§ Ø§Ø¸ÛØ§Ø± Ú©Ø±ØªÛ’ÛÛŒÚº ØªÙˆ Ø§Ù†ÛÛŒÚº Ø¬ÛŒÙ„ Ù…ÛŒÚº ÚˆØ§Ù„ Ø¯ÛŒØ§ Ø¬Ø§ØªØ§ ÛÛ’Ø§ÙˆØ± Ù…Ù„Ú© Ø¨Ú¾Ø± Ù…ÛŒÚº Ø§Ù† Ú©ÛŒØ®Ù„Ø§Ù Ú©Ù… Ùˆ Ø¨ÛŒØ´ 15 Ù¾Ø±Ú†Û’Ú©Ø§Ù¹ Ø¯ÛŒÛ’Ø¬Ø§ØªÛ’ÛÛŒÚºÛ”Ø§Ù¾Ù†Û’Ù…Ø¹Ø²Ø² Ø¬Ø¬Ø² Ø³Û’Ù…ÛŒÚº Ù¾Ú¾Ø± Ø³Û’Ù¾ÙˆÚ†Ú¾ØªØ§ ÛÙˆÚº Ú©Û Ø§Ø³ Ø³Ø¨ Ù…ÛŒÚº Ø§Ù†ØµØ§Ù Ú©Ø¯Ú¾Ø± ÛÛ’ØŸ Ú©ÛŒØ§ Ø¯Ø³ØªÙˆØ± Ú©Ø§ Ø¢Ø±Ù¹ÛŒÚ©Ù„ 14 Ø§Ù…ØªÛŒØ§Ø²ÛŒ Ø·ÙˆØ± Ù¾Ø± Ù…Ø­Ø¶ Ø§Ø¹Ù„ÛŒÙ° Ùˆ Ø·Ø§Ù‚ØªÙˆØ± Ø±ÛŒØ§Ø³ØªÛŒ Ø­Ú©Ø§Ù… Ú©ÛŒÙ„Ø¦Û’ ÛÛŒ Ù‚Ø§Ø¨Ù„Ù Ø§Ø·Ù„Ø§Ù‚ Ø±ÛÛ’ Ú¯Ø§ØŸ,ImranKhanPTI
2022-11-28 08:54:30+00:00,1597151937085861888,Ø³ÛŒÙ†ÛŒÙ¹Ø± Ø§Ø¹Ø¸Ù… Ø³ÙˆØ§ØªÛŒ Ú©Ùˆ Ø¨Ø±ÛÙ†Û Ú©ÛŒØ§ Ú¯ÛŒØ§ØŒØ§Ù†ÛÛŒÚº ØªØ´Ø¯Ø¯ Ú©Ø§ Ù†Ø´Ø§Ù†Û Ø¨Ù†Ø§ÛŒØ§ Ú¯ÛŒØ§ Ø§ÙˆØ± Ø§Ù†Ú©ÛŒ Ø§ÛÙ„ÛŒÛ Ú©Ùˆ Ø§ÛŒÚ© Ù†Ø§Ø²ÛŒØ¨Ø§(ØºÛŒØ±Ù‚Ø§Ù†ÙˆÙ†ÛŒ)ÙˆÛŒÚˆÛŒÙˆ Ø¨Ú¾Ø¬ÙˆØ§ Ú©Ø± Ø§Ù†Ú©ÛŒ ØªØ°Ù„ÛŒÙ„ Ú©ÛŒ Ú¯Ø¦ÛŒÛ”ÛÙØªÙˆÚº ØªÚ© ÙˆÛ Ø³Ù¾Ø±ÛŒÙ… Ú©ÙˆØ±Ù¹ Ø³Û’Ø­ØµÙˆÙ„Ù Ø§Ù†ØµØ§Ù Ú©Û’Ù…Ù†ØªØ¸Ø± Ø±ÛÛ’Ù…Ú¯Ø± Ø§Ù†Ú©ÛŒ Ú©ÙˆØ´Ø´ÛŒÚº Ø¨Û’Ø³ÙˆØ¯ Ø«Ø§Ø¨Øª ÛÙˆØ¦ÛŒÚºÛ”Ø¬Ø¨ Ù‚Ø§Ø¨Ù„Ù ÙÛÙ… ØºØµÛ’Ø§ÙˆØ± Ù…Ø§ÛŒÙˆØ³ÛŒ Ú©Û’Ø¹Ø§Ù„Ù… Ù…ÛŒÚº ÙˆÛ (Ø§Ù† Ø²ÛŒØ§Ø¯ØªÛŒÙˆÚº Ù¾Ø±),ImranKhanPTI
2022-11-28 08:54:29+00:00,1597151933823078400,Ø¯Ø³ØªÙˆØ± Ú©Ø§ Ø¢Ø±Ù¹ÛŒÚ©Ù„ 14 â€Ø´Ø±ÙÙ Ø§Ù†Ø³Ø§Ù†ÛŒ Ú©Ùˆ Ù‚Ø§Ø¨Ù„Ù Ø­Ø±Ù…Øªâ€œ Ù‚Ø±Ø§Ø± Ø¯ÛŒØªØ§ ÛÛ’Ø› Ú†Ù†Ø§Ù†Ú†Û Ø³Ù¾Ø±ÛŒÙ… Ú©ÙˆØ±Ù¹ Ú©Û’ Ù…Ø¹Ø²Ø² Ø¬Ø¬Ø² Ø³Û’ Ù…ÛŒØ±Ø§ Ø³ÙˆØ§Ù„ ÛÛ’ Ú©Û Ø¢ÛŒØ§ Ø¯Ø³ØªÙˆØ± Ú©Û’ Ø§Ø³ Ø¢Ø±Ù¹ÛŒÚ©Ù„ Ú©Ø§ Ø§Ø·Ù„Ø§Ù‚ Ù…Ø­Ø¶ Ø±ÛŒØ§Ø³Øª Ú©Û’ Ø·Ø§Ù‚ØªÙˆØ± Ø­Ú©Ø§Ù… ØªÚ© ÛÛŒ Ù…Ø­Ø¯ÙˆØ¯ ÛÛ’ Ú©ÛŒÙˆÙ†Ú©Û Ø¨Ø§Ù‚ÛŒ Ø³Ø¨ Ú©ÛŒÙ„Ø¦Û’ ØªÙˆ Ø´Ø±ÙÙ Ø§Ù†Ø³Ø§Ù†ÛŒ Ø¬ÛŒØ³Û’ Ø¨Ù†ÛŒØ§Ø¯ÛŒ Ø­Ù‚ Ú©Ùˆ Ø¨Ú¾ÛŒ ØªØ­ÙØ¸ Ø­Ø§ØµÙ„ Ù†ÛÛŒÚºØŸ,ImranKhanPTI
2022-11-28 07:40:17+00:00,1597133261934764032,"Again, I ask our Honourable judges where is the justice in all this? Is the Article 14 Constitutional provision only to be applied selectively for the high &amp; mighty State functionaries?",ImranKhanPTI
2022-11-28 07:40:16+00:00,1597133255467503616,"Senator Swati was stripped naked, tortured, humiliated through an illegal video sent to his wife. For weeks he has sought justice from SC to no avail. So when he reacts in justifiable anger &amp; frustration, he is put in jail &amp; at last count 15 FIRs registered against him across Pak",ImranKhanPTI
2022-11-28 07:40:15+00:00,1597133252955111424,"Article 14 of our Constitution refers to ""Inviolability of dignity of man""; so my question to our Honourable SC Judges is whether this provision is only applicable to the powerful of the State &amp; for everyone else there is no protection of their basic human dignity?",ImranKhanPTI
2022-11-27 06:31:03+00:00,1596753451429478400,Ù†Ø§Ø§Ù†ØµØ§ÙÛŒ Ù¾Ø± Ø§Ù†Ú©Û’Ù‚Ø§Ø¨Ù„Ù Ø¬ÙˆØ§Ø² ØºØµÛ’ Ø§ÙˆØ± Ù…Ø§ÛŒÙˆØ³ÛŒ Ú©Ùˆ ÛÙˆØ§ Ø§Ø³ ÙˆÙ‚Øª Ù…Ù„ÛŒ Ø¬Ø¨ Ø³ÛŒÙ†ÛŒÙ¹Ø±Ø² Ú©ÛŒØ¬Ø§Ù†Ø¨ Ø³Û’Ú¯Ø²Ø´ØªÛ Ø¯Ùˆ ÛÙØªÙˆÚº Ø³Û’ Ø§Ù¾Ù†ÛŒ Ø­Ù…Ø§ÛŒØª Ù…ÛŒÚº Ú©ÛŒ Ø¬Ø§Ù†Û’ÙˆØ§Ù„ÛŒ Ø§Ø³ØªØ¯Ø¹Ø§Ø¤Úº Ú©Û’ Ø¨Ø§ÙˆØ¬ÙˆØ¯ Ø³Ù¾Ø±ÛŒÙ… Ú©ÙˆØ±Ù¹ Ú©Û’ Ø¯Ø±ÙˆØ§Ø²Û’ Ø§Ù† Ù¾Ø± Ø¨Ù†Ø¯ Ø±ÛÛ’Û”Ú†Ù†Ø§Ù†Ú†Û Ø§Ù†ÛÙˆÚº Ù†Û’ Ù¹ÙˆÛŒÙ¹ Ú©ÛŒØ§ Ø§ÙˆØ± Ù¾Ú¾Ø± Ø³Û’ Ø¯ÙÚ¾Ø± Ù„Ø¦Û’ Ú¯Ø¦Û’Û”Ø±ÛŒØ§Ø³Øª Ú©ÛŒ Ø§Ø³ ÙØ³Ø·Ø§Ø¦ÛŒØª Ú©ÛŒØ®Ù„Ø§Ù ÛØ± ÙØ±Ø¯ Ø¢ÙˆØ§Ø² Ø¨Ù„Ù†Ø¯ Ú©Ø±Û’!,ImranKhanPTI
2022-11-27 06:31:03+00:00,1596753448644464640,Ø¨Ù†Ø§Ù†Ø§Ø±ÛŒÙ¾Ø¨Ù„Ú© ÛÛŒ Ù†ÛÛŒÚº Ø¬Ø³ ØªÛŒØ²ÛŒ Ø³Û’ÛÙ… Ø§ÛŒÚ© ÙØ³Ø·Ø§Ø¦ÛŒ Ø±ÛŒØ§Ø³Øª Ø¨Ù† Ø±ÛÛ’ÛÛŒÚº Ø§Ø³ Ù¾Ø±Ù…Ø¬Ú¾Û’Ù†ÛØ§ÛŒØª Ø­ÛŒØ±Øª ÙˆØªÚ©Ù„ÛŒÙ ÛÛ’Û”Ú©ÛŒØ³Û’Ú©ÙˆØ¦ÛŒ Ø§Ø³ Ú©Ø±Ø¨ Ùˆ Ø¢Ø²Ø§Ø± Ú©Û’Ø§Ø­Ø³Ø§Ø³ Ø³Û’ Ø¹Ø§Ø±ÛŒ Ø±Û Ø³Ú©ØªØ§ÛÛ’Ø¬Ø³ Ø³Û’Ø³ÛŒÙ†ÛŒÙ¹Ø±Ø³ÙˆØ§ØªÛŒ Ø²ÛŒØ±ÙØ­Ø±Ø§Ø³Øª ØªØ´Ø¯Ø¯ Ø§ÙˆØ± Ø¨Ù„ÛŒÚ© Ù…ÛŒÙ„Ù†Ú¯ Ú©ÛŒ ØºØ±Ø¶ Ø³Û’Ø§Ù¾Ù†Û’Ø§ÛÙ„Ù Ø®Ø§Ù†Û Ú©Ùˆ Ø¨Ú¾Ø¬ÙˆØ§Ø¦ÛŒ Ø¬Ø§Ù†Û’ÙˆØ§Ù„ÛŒ Ø§Ù¾Ù†ÛŒ Ø§ÙˆØ± Ø§Ù¾Ù†ÛŒ Ù‚Ø¯Ø§Ù…Øª Ù¾Ø³Ù†Ø¯ Ø§ÛÙ„ÛŒÛ Ú©ÛŒ ÙˆÛŒÚˆÛŒÙˆÚ©Û’Ø¨Ø¹Ø¯Ú¯Ø²Ø±Û’,ImranKhanPTI
2022-11-27 05:22:39+00:00,1596736235569315840,Ù…ÛŒÚº Ø§Ù† ØªÙ…Ø§Ù… Ù„ÙˆÚ¯ÙˆÚº Ú©Ø§Ù…Ø´Ú©ÙˆØ± ÛÙˆÚº Ø¬Ùˆ Ú©Ù„ ÛÙ…Ø§Ø±Û’ Ø±Ø§ÙˆÙ„Ù¾Ù†ÚˆÛŒ Ø¢Ø²Ø§Ø¯ÛŒ Ù…Ø§Ø±Ú† Ù…ÛŒÚº Ø§ØªÙ†ÛŒ Ø¨Ú‘ÛŒ ØªØ¹Ø¯Ø§Ø¯ Ù…ÛŒÚº Ø´Ø±ÛŒÚ© ÛÙˆØ¦Û’Û” Ø¬Ø¨ ØªÚ© ÛÙ… (Ù…Ù„Ú© Ù…ÛŒÚº) Ù‚Ø§Ù†ÙˆÙ† Ú©ÛŒ Ø­Ú©Ù…Ø±Ø§Ù†ÛŒ Ù‚Ø§Ø¦Ù… Ù†ÛÛŒÚº Ú©Ø± Ù„ÛŒØªÛ’ Ø§ÙˆØ± Ø­Ù‚ÛŒÙ‚ÛŒ Ø¢Ø²Ø§Ø¯ÛŒ Ú©ÛŒ Ù…Ø±Ø§Ø¯ Ù†ÛÛŒÚº Ù¾Ø§ Ù„ÛŒØªÛ’ØŒÛÙ…Ø§Ø±ÛŒ ØªØ­Ø±ÛŒÚ© Ø¬Ø§Ø±ÛŒ Ø±ÛÛ’ Ú¯ÛŒÛ” https://t.co/Lnlca7yJzp,ImranKhanPTI
2022-11-27 04:42:52+00:00,1596726225799553024,His justifiable anger &amp; frustration at the injustice meted out to him especially the doors of SC remaining closed to him despite over a fortnight of appeals by Senators in support of him. So he tweets &amp; is arrested again. Everyone must raise their voice against this state fascism,ImranKhanPTI
2022-11-27 04:42:51+00:00,1596726222964203520,I am shocked &amp; appalled at how rapidly we are descending into not just a banana republic but a fascist state. How can anyone not understand the pain &amp; suffering Senator Swati underwent with custodial torture &amp; blackmailing video of him &amp; his conservative wife sent to his family?,ImranKhanPTI
2022-11-27 03:34:39+00:00,1596709059939696640,I want to thank all the people who came in such huge numbers from across Pakistan to our Rawalpindi Azadi March yeaterday. Our Tehreek will continue until we establish rule of law and real freedom. https://t.co/kTDBTVCwN2,ImranKhanPTI
2022-11-22 19:30:28+00:00,1595137659474960385,Ù‚Ø·Ø± Ù…ÛŒÚº Ù…Ù†Ø¹Ù‚Ø¯ Ú©Ø¦Û’ Ø¬Ø§Ù†Û’ ÙˆØ§Ù„Û’ ÙÙ¹ Ø¨Ø§Ù„ ÙˆØ±Ù„Úˆ Ú©Ù¾ Ù…ÛŒÚº Ø¢Ø±Ø¬Ù†Ù¹Ø§Ø¦Ù† Ú©ÛŒØ®Ù„Ø§Ù Ø´Ø§Ù†Ø¯Ø§Ø± Ø¬ÛŒØª Ù¾Ø± Ù¹ÛŒÙ… Ø³Ø¹ÙˆØ¯ÛŒ Ø¹Ø±Ø¨ Ú©Ùˆ Ù…Ø¨Ø§Ø±Ú©Ø¨Ø§Ø¯ Ù¾ÛŒØ´ Ú©Ø±ØªØ§ ÛÙˆÚº!,ImranKhanPTI
2022-11-22 19:10:30+00:00,1595132634946220033,Congratulations to team KSA for their great victory today against Argentina in the Football World Cup being held in Qatar.,ImranKhanPTI
2022-11-20 07:12:06+00:00,1594227067448864768,ÙÙ¹ Ø¨Ø§Ù„ ÙˆØ±Ù„Úˆ Ú©Ù¾ Ø¬Ùˆ Ú©Û Ø¢Ø¬ Ø³Û’ Ø´Ø±ÙˆØ¹ ÛÙˆØ±ÛØ§ ÛÛ’ØŒ Ú©Û’ Ú©Ø§Ù…ÛŒØ§Ø¨ Ø§Ù†Ø¹Ù‚Ø§Ø¯ Ú©Û’ Ø­ÙˆØ§Ù„Û’ Ø³Û’ Ù‚Ø·Ø± Ú©ÛŒÙ„Ø¦Û’ Ù†ÛŒÚ© Ø®ÙˆØ§ÛØ´Ø§Øª Ú©Ø§ Ø§Ø¸ÛØ§Ø± Ú©Ø±ØªØ§ÛÙˆÚºÛ”ÛŒÛ Ù¾ÛÙ„Ø§ Ù…ÙˆÙ‚Ø¹ ÛÛ’ Ú©Û Ø¯Ù†ÛŒØ§ Ú©Û’ Ø§Ø³ Ø³Ø¨ Ø³Û’ Ø¨Ú‘Û’ Ú©Ú¾ÛŒÙ„ÙˆÚº Ú©Û’Ù…Ù‚Ø§Ø¨Ù„Û’Ú©ÛŒ Ù…ÛŒØ²Ø¨Ø§Ù†ÛŒ Ø§ÛŒÚ© Ù…Ø³Ù„Ù… Ù…Ù„Ú© Ú©Ø± Ø±ÛØ§ ÛÛ’Û” Ø­ØµÛ Ù„ÛŒÙ†Û’ÙˆØ§Ù„ÛŒ ØªÙ…Ø§Ù… Ù¹ÛŒÙ…ÙˆÚº Ú©ÛŒÙ„Ø¦Û’ ÛÙ… Ù†ÛŒÚ© ØªÙ…Ù†Ø§Ø¦ÛŒÚº Ø§ÙˆØ± Ø¬Ø°Ø¨Ø§Øª Ø±Ú©Ú¾ØªÛ’ ÛÛŒÚº!,ImranKhanPTI
2022-11-20 04:51:46+00:00,1594191748028420098,"Wishing Qatar the best for successfully holding the football World Cup, which begins today. It is for the first time that a Muslim country is hosting this biggest sporting event in the world. Good luck to all the participating teams.",ImranKhanPTI
2022-11-19 15:28:47+00:00,1593989670983147523,Ø¯Ø§Ø±Ø§Ù„Ø¹Ù„ÙˆÙ… Ú©Ø±Ø§Ú†ÛŒ Ú©Û’ Ø±Ø¦ÛŒØ³ØŒ Ù…ÙØªÛŒ ØªÙ‚ÛŒ Ø¹Ø«Ù…Ø§Ù†ÛŒ Ú©Û’ Ø¨Ú‘Û’ Ø¨Ú¾Ø§Ø¦ÛŒ Ø§ÙˆØ± Ù†Ø§Ù…ÙˆØ± Ø¹Ø§Ù„Ù…Ù Ø¯ÛŒÙ† Ù…ÙØªÛŒ Ø±ÙÛŒØ¹ Ø¹Ø«Ù…Ø§Ù†ÛŒ Ú©ÛŒ Ø±Ø­Ù„Øª Ú©Û’ Ø¨Ø§Ø±Û’ Ù…ÛŒÚº Ø¬Ø§Ù† Ú©Ø± Ø§ÙØ³Ø±Ø¯Û ÛÙˆÚºÛ” Ú¯Ø±Ø§Úº Ù‚Ø¯Ø± Ø¹Ù„Ù…ÛŒ Ø®Ø¯Ù…Ø§Øª Ú©Û’ Ø¨Ø§Ø¹Ø« Ø§Ù†ÛÛŒÚº ÛÙ…ÛŒØ´Û ÛŒØ§Ø¯ Ø±Ú©Ú¾Ø§ Ø¬Ø§Ø¦Û’ Ú¯Ø§Û” Ù…ÛŒØ±ÛŒ Ø¯Ø¹Ø§Ø¦ÛŒÚº Ø§ÙˆØ± ÛÙ…Ø¯Ø±Ø¯ÛŒØ§Úº Ø§Ù† Ú©Û’ Ø§ÛÙ„Ù Ø®Ø§Ù†Û Ú©Û’ Ø³Ø§ØªÚ¾ ÛÛŒÚºÛ”,ImranKhanPTI
2022-11-19 15:13:58+00:00,1593985943735869442,"Saddened to learn of the passing of prominent religious scholar Aalim e Deen Mufti Rafi Usmani (principal of Darul Uloom Karachi &amp; elder brother of Mufti Taqi Usmani), who will be remembered for his invaluable scholarship. My prayers &amp; condolences go to the family.",ImranKhanPTI
2022-11-18 06:56:30+00:00,1593498364053700610,Ø¬ÛŒØ³Ø§Ú©Û Ù…ÛŒÚº Ù†Û’6Ù…Ø§Û Ù‚Ø¨Ù„ ÛÛŒ Ù¾ÛŒØ´ Ú¯ÙˆØ¦ÛŒ Ú©Ø±Ø¯ÛŒ ØªÚ¾ÛŒ Ú©Û ØªØ¨Ø¯ÛŒÙ„Ø¦ Ø³Ø±Ú©Ø§Ø±Ú©ÛŒ Ø³Ø§Ø²Ø´ Ù‚Ø±Ø¶ Ú©ÛŒ ÙˆØ§Ù¾Ø³ÛŒ Ú©ÛŒ ÛÙ…Ø§Ø±ÛŒ ØµÙ„Ø§Ø­ÛŒØª Ù†ÛŒØ³Øª Ùˆ Ù†Ø§Ø¨ÙˆØ¯Ú©Ø±ØªÛ’ÛÙˆØ¦Û’ÛÙ…Ø§Ø±ÛŒ Ù…Ø¹ÛŒØ´Øª Ú©ÙˆØªØ¨Ø§ÛÛŒ Ú©Û’Ú¯Ú¾Ú‘Û’Ù…ÛŒÚº Ø§ØªØ§Ø± Ø¯Û’Ú¯ÛŒÛ”Ù¾Ø§Ú©Ø³ØªØ§Ù† Ù¾Ø± Ú©Ù… ÙˆØ¨ÛŒØ´ 3 Ø¯ÛØ§Ø¦ÛŒÙˆÚº ØªÚ© Ø±Ø§Ø¬ Ú©Ø±Ù†Û’ ÙˆØ§Ù„Û’Ø¯ÙˆÙ…Ø¬Ø±Ù… Ø®Ø§Ù†Ø¯Ø§Ù† Ù…Ø¹ÛŒØ´Øª Ú©ÛŒ ØªØ¹Ù…ÛŒØ±Ù…ÛŒÚº Ú©Ø¨Ú¾ÛŒ Ø³Ù†Ø¬ÛŒØ¯Û ØªÚ¾Û’Ù†Û ÛÛŒ Ø§Ù† Ù…ÛŒÚº Ø§Ø³Ú©ÛŒ ØµÙ„Ø§Ø­ÛŒØª ØªÚ¾ÛŒ https://t.co/kQ5qn6cIKU,ImranKhanPTI
2022-11-18 06:39:16+00:00,1593494028556836864,As I had predicted 6 months back that the regime change conspiracy would throw our economy into tailspin destroying our capability to service our debts. The two crooked families who ruled Pakistan for almost 3 decades never had the integrity or competence to build our economy. https://t.co/fASSw2wo6q,ImranKhanPTI
2022-11-16 09:27:59+00:00,1592811711005761536,Ø¨Ù„Ú©Û Ø¨Ø±Ø·Ø§Ù†ÛŒÛ Ø§ÙˆØ± Ù…ØªØ­Ø¯Û Ø¹Ø±Ø¨ Ø§Ù…Ø§Ø±Ø§Øª Ù…ÛŒÚº Ø¨Ú¾ÛŒ Ù‚Ø§Ù†ÙˆÙ†ÛŒ Ú†Ø§Ø±Û Ø¬ÙˆØ¦ÛŒ Ú©Ø§ Ø§Ø±Ø§Ø¯Û Ø±Ú©Ú¾ØªØ§ ÛÙˆÚºÛ”,ImranKhanPTI
2022-11-16 09:27:58+00:00,1592811708573110274,Ø¨Ø³ Ø¨ÛØª ÛÙˆÚ¯ÛŒØ§!Ú©Ù„ Ø¬ÛŒÙˆ Ø§ÙˆØ± Ø®Ø§Ù†Ø²Ø§Ø¯Û Ù†Û’ Ø³Ø±Ù¾Ø±Ø³ØªÙˆÚº Ú©ÛŒ Ù…Ø¯Ø¯ Ø³Û’ Ø§ÛŒÚ© Ù…Ø´ÛÙˆØ±Ù Ø²Ù…Ø§Ù†Û Ø¯Ú¾ÙˆÚ©Û’ Ø¨Ø§Ø² Ø§ÙˆØ± Ø¹Ø§Ù„Ù…ÛŒ Ø³Ø·Ø­ Ù¾Ø±Ù…Ø·Ù„ÙˆØ¨ Ù…Ø¬Ø±Ù… Ú©ÛŒ ØªØ±Ø§Ø´ÛŒ Ú¯Ø¦ÛŒ Ø¨Û’ Ø¨Ù†ÛŒØ§Ø¯ Ú©ÛØ§Ù†ÛŒ Ú©Û’ Ø°Ø±ÛŒØ¹Û’ Ù…Ø¬Ú¾ Ù¾Ø± Ø¨ÛØªØ§Ù† ØªØ±Ø§Ø´ÛŒ Ú©ÛŒÛ” Ù…ÛŒÚº Ù†Û’ Ø§Ù¾Ù†Û’ ÙˆÚ©Ù„Ø§Ø¡ Ø³Û’ Ø¨Ø§Øª Ú©ÛŒ ÛÛ’ Ø§ÙˆØ± Ù…ÛŒÚº Ø¬ÛŒÙˆØŒ Ø®Ø§Ù†Ø²Ø§Ø¯Û Ø§ÙˆØ± Ø§Ø³ Ø¯Ú¾ÙˆÚ©Û’ Ø¨Ø§Ø² Ú©ÛŒØ®Ù„Ø§Ù Ù¾Ø§Ú©Ø³ØªØ§Ù† Ù…ÛŒÚº ÛÛŒ Ù†ÛÛŒÚº,ImranKhanPTI
2022-11-16 09:08:44+00:00,1592806868099174401,"Enough is enough. Yesterday Geo &amp; Khanzada supported by Handlers slandered me through a baseless story cooked up by a known fraudster &amp; internationally wanted criminal. I have spoken to my lawyers &amp; I plan to sue Geo, Khanzada &amp; the fraudster not only in Pak but also in UK &amp; UAE.",ImranKhanPTI
2022-11-15 16:03:51+00:00,1592548946957815809,Ù…ÛŒØ§Ù†ÙˆØ§Ù„ÛŒ Ù…ÛŒÚº Ø§ÛŒÚ© Ø²Ú†Û Ùˆ Ø¨Ú†Û Ø§Ø³Ù¾ØªØ§Ù„ Ø¬Ø³ Ú©ÛŒ Ø§Ø´Ø¯ Ø¶Ø±ÙˆØ±Øª ØªÚ¾ÛŒØŒ Ú†Ù†Ø¯ ÛÙØªÙˆÚº Ù…ÛŒÚº Ú©Ú¾ÙÙ„Ù†Û’ Ú©Ùˆ ØªÛŒØ§Ø± ÛÛ’Û” Ù¾Ù†Ø¬Ø§Ø¨ Ù…ÛŒÚº Ù¾Ø§Ù†Ú† Ø²Ú†Û Ùˆ Ø¨Ú†Û Ø§Ø³Ù¾ØªØ§Ù„ ØªØ¹Ù…ÛŒØ± Ú©Ø±Ù†Û’ Ù¾Ø± Ù…ÛŒÚº ÚˆØ§Ú©Ù¹Ø± ÛŒØ§Ø³Ù…ÛŒÙ† Ú©Ùˆ Ù…Ø¨Ø§Ø±Ú©Ø¨Ø§Ø¯ Ù¾ÛŒØ´ Ú©Ø±ØªØ§ ÛÙˆÚºÛ” https://t.co/srhxooLvvI,ImranKhanPTI
2022-11-15 15:19:19+00:00,1592537740188737536,In Mianwali a Mother and Child Hospital which was badly needed is about to open in a few weeks. I want to congratulate Dr Yasmin for building five Mother and Child Hospitals in Punjab. https://t.co/0BjeODQnOf,ImranKhanPTI
2022-11-15 15:13:47+00:00,1592536347621085184,Ø³Ù†Ø¯Ú¾ Ù…ÛŒÚº Ø§Ø³ Ù…Ø§ÙÛŒØ§Ú©ÛŒ Ù…Ø®Ø§Ù„ÙØª Ú©ÛŒ Ø¬Ø³Ø§Ø±Øª Ú©ÙˆØ¦ÛŒ Ù†ÛÛŒÚº Ú©Ø±ØªØ§Û”Ø¬Ùˆ ÛÙ…Øª Ú©Ø±ØªÛ’ÛÛŒÚº Ø§Ù†ÛÛŒÚº Ø¨Ú¾Ø§Ø±ÛŒ Ù‚ÛŒÙ…Øª Ú†Ú©Ø§Ù†Ø§Ù¾Ú‘ØªÛŒ ÛÛ’Ø¬ÛŒØ³Ø§Ú©Û Ø­Ù„ÛŒÙ… Ø´ÛŒØ® Ú©Û’Ø¨Ø§Ø¨ Ù…ÛŒÚº ÛÙ… Ù†Û’Ø¯ÛŒÚ©Ú¾Ø§Û” Ú¯Ø²Ø´ØªÛ Ø¨Ù„Ø¯ÛŒØ§ØªÛŒ Ø§Ù†ØªØ®Ø§Ø¨Ø§Øª Ø¯Ú¾Ø§Ù†Ø¯Ù„ÛŒ Ø²Ø¯Û ØªÚ¾Û’Ø§ÙˆØ±15% Ø¨Ù„Ø§ Ù…Ù‚Ø§Ø¨Ù„Û ÛÛŒ Ù…Ù†ØªØ®Ø¨ ÛÙˆÚ¯Ø¦Û’Ú©ÛŒÙˆÙ†Ú©Û Ø¬Ùˆ PPP Ú©ÛŒØ®Ù„Ø§Ù Ù…ÛŒØ¯Ø§Ù† Ù…ÛŒÚº Ø§ØªØ±Ù†Ø§Ú†Ø§ÛØªÛ’ØªÚ¾Û’Ø§Ù†ÛÛŒÚº Ø®ÙˆÙØ²Ø¯Û Ú©Ø±Ø¯ÛŒØ§Ú¯ÛŒØ§Û”,ImranKhanPTI
2022-11-15 15:13:47+00:00,1592536344420847618,Ù…Ø®Ø¯ÙˆÙ… ÙØ¶Ù„ØŒÙ…Ø®Ø¯ÙˆÙ… Ù…Ø­Ø³Ù†+Ù…Ø®Ø¯ÙˆÙ… Ø¹Ù…Ø§Ø± Ø¢Ø¬ Ù…Ø¬Ú¾Û’Ù…Ù„Û’ Ø§ÙˆØ±Ø³Ù†Ø¯Ú¾ Ù…ÛŒÚº Ø²Ø±Ø¯Ø§Ø±ÛŒ Ù…Ø§ÙÛŒØ§Ú©Û’ÛØ§ØªÚ¾ÙˆÚº Ø§Ù¾Ù†ÛŒ Ú¯Ø±ÙØªØ§Ø±ÛŒ Ø§ÙˆØ± ÛØ±Ø§Ø³Ø§Úº Ú©Ø¦Û’Ø¬Ø§Ù†Û’Ú©ÛŒ Ø±ÙˆØ¯Ø§Ø¯ Ø¨ÛŒØ§Ù† Ú©ÛŒÛ”Ø³Ù†Ø¯Ú¾ØŒØ¬ÛØ§Úº Ø²Ø±Ø¯Ø§Ø±ÛŒ Ø­Ø§Ú©Ù… ÛÛ’ÙˆÛØ§Úº Ù…Ø­Ø¶ Ø¬Ù†Ú¯Ù„ Ú©Ø§Ù‚Ø§Ù†ÙˆÙ† Ø±Ø§Ø¦Ø¬ ÛÛ’Û”Ø¬Ù†ÛÛŒÚº ÙˆÛ Ø®Ø±ÛŒØ¯Ù†ÛÛŒÚº Ø³Ú©ØªÛ’Ø§Ù† Ù¾Ø± Ø¬Ø¨Ø±Ø¢Ø²Ù…Ø§ØªÛ’ÛÛŒÚº Ø§ÙˆØ± Ù¾ÙˆÙ„ÛŒØ³+Ø²Ø±Ø¯Ø§Ø±ÛŒ Ù…Ø§ÙÛŒØ§Ú©Û’ØºÙ†ÚˆÙˆÚº Ú©Û’Ø°Ø±ÛŒØ¹Û’Ø§Ù†ÛÛŒÚº Ø¯Ú¾Ù…Ú©Ø§ÛŒØ§Ø¬Ø§ØªØ§ÛÛ’ https://t.co/NWsIvJa6Jp,ImranKhanPTI
2022-11-15 14:18:59+00:00,1592522556783099904,of Zardari mafia. No one dares to oppose this mafia in Sindh. Those who do pay a high price as we saw earlier with Haleem Adil Sheikh. Last LG elections were rigged &amp; 15% were elected without contest bec of terrorisation of those seeking to contest against PPP.,ImranKhanPTI
2022-11-15 14:18:59+00:00,1592522553523847168,"Today Makhdoom Fazal, Makhdoom Mohsin &amp; Makhdoom Amaar met me &amp; narrated their arrests &amp; harassment at the hands of Zardari mafia in Sindh. There is only law of the jungle in Sindh where Zardari law rules. Those who cannot be bought are coerced &amp; intimidated by police &amp; thugs https://t.co/UoCD1ckP3T",ImranKhanPTI
2022-11-14 08:15:21+00:00,1592068654497419264,ÛŒØ¹Ù†ÛŒ Ù†ÛŒÚ©ÛŒ Ú©ÛŒ ØªÙ„Ù‚ÛŒÙ† Ú©Ø±Ù†Û’ Ø§ÙˆØ± Ø¨Ø±Ø§Ø¦ÛŒ (Ú©ÛŒ Ø±Ø§Û) Ø±ÙˆÚ©Ù†Û’ Ú©Ø§ Ø­Ú©Ù… ØµØ§Ø¯Ø± Ú©Ø±Ø±Ú©Ú¾Ø§ ÛÛ’Û”Ù…ÛŒÚº Ø§Ù† Ú©Ù„Ù…Ø§Øª Ú©Ùˆ Ø§Ø±Ø´Ø¯ Ø´Ø±ÛŒÙ Ø³Û’ Ù…Ù†Ø³ÙˆØ¨ Ú©Ø±ØªØ§ ÛÙˆÚº Ø¬Ùˆ Ø§Ù¾Ù†ÛŒ Ø¬Ø§Ù† Ú©Ùˆ Ù„Ø§Ø­Ù‚ Ø´Ø¯ÛŒØ¯ Ø®Ø·Ø±Ø§Øª Ú©Û’Ø¨Ø§ÙˆØ¬ÙˆØ¯ Ù†Ø§Ø§Ù†ØµØ§ÙÛŒ Ú©ÛŒØ®Ù„Ø§Ù ÚˆÙ¹ Ú©Ø± Ú©Ú¾Ú‘Ø§ ÛÙˆØ§Û”,ImranKhanPTI
2022-11-14 08:15:20+00:00,1592068651045498880,"ÛŒÛ Ø§Ø´Ø¹Ø§Ø± Ø§Ù† Ø§Ù†Ø³Ø§Ù†ÛŒ Ù…Ø¹Ø§Ø´Ø±ÙˆÚº Ú©ÛŒØ¬Ø§Ù†Ø¨ Ø§Ø´Ø§Ø±Û Ú©Ø±ØªÛ’ ÛÛŒÚº Ø¬Ùˆ Ù†Ø§Ø§Ù†ØµØ§ÙÛŒ Ú©Û’ Ø³Ø§Ù…Ù†Û’ ØºÛŒØ±Ø¬Ø§Ù†Ø¨Ø¯Ø§Ø±ÛŒØª Ú©Ø§ Ø¹Ø°Ø± Ø§ÙˆØ± Ø¬ÙˆØ§Ø² ØªØ±Ø§Ø´ØªÛ’Ø§ÙˆØ± Ø§Ù¾Ù†ÛŒ Ø§Ø®Ù„Ø§Ù‚ÛŒ ØªÙ†Ø²Ù„ÛŒ Ú©Û’ Ù¾ÛŒØ´Ù Ù†Ø¸Ø± Ø±Ø¨ Ø§Ù„Ø¹Ø²Øª Ø³Û’Ú©Ø³ÛŒ Ù†ÙˆØ¹ÛŒØª Ú©ÛŒ Ù†Ø¹Ù…ØªÙˆÚº Ú©Û’Ø·Ù„Ø¨Ú¯Ø§Ø± Ø¨Ú¾ÛŒ Ù†ÛÛŒÚº ÛÙˆØ³Ú©ØªÛ’ Ú©ÛŒÙˆÙ†Ú©Û Ø®Ø§Ù„Ù‚Ù Ú©Ø§Ø¦Ù†Ø§Øª Ù†Û’ ØªÙˆ Ù‚Ø±Ø¢Ù†Ù Ø¹Ø¸ÛŒÙ… Ø§Ù„Ø´Ø§Ù† Ù…ÛŒÚº 
â€Ø§Ù…Ø± Ø¨Ø§Ù„Ù…Ø¹Ø±ÙˆÙ Ùˆ Ù†ÛÛŒ Ø¹Ù† Ø§Ù„Ù…Ù†Ú©Ø±â€œ https://t.co/5Rm75a07az",ImranKhanPTI
2022-11-14 03:55:10+00:00,1592003179134291971,I dedicate this to Arshad Sharif who took a stand against injustice despite threats to his life.,ImranKhanPTI
2022-11-14 03:55:09+00:00,1592003175875313666,"This verse refers to human societies that remain neutral when faced with injustice &amp; degradation of their moral values should not expect any blessings from the Almighty as He proclaimed in the Quran to â€œenjoin the good and forbid evil"". https://t.co/ZCwq37zZaX",ImranKhanPTI
2022-11-13 07:50:51+00:00,1591700104590905350,"Ø§Ú¯Ø± Ø¢Ù¾ Ø®Ø·Ø±Ø§Øª Ù…ÙˆÙ„ Ù„ÛŒÙ†Û’ Ú©Ùˆ ØªÛŒØ§Ø± Ø§ÙˆØ± Ø§Ù¾Ù†Û’ Ø­Ø±ÛŒÙÙˆÚº Ú©ÛŒ ØºÙ„Ø·ÛŒÙˆÚº Ø³Û’ ÙØ§Ø¦Ø¯Û
Ø§Ù¹Ú¾Ø§Ù†Û’ Ú©ÛŒ ØµÙ„Ø§Ø­ÛŒØª Ø±Ú©Ú¾ØªÛ’ ÛÛŒÚº ØªÙˆ Ø¬ÛŒØª Ø¢Ù¾ ÛÛŒ Ú©Û’ Ù‚Ø¯Ù… Ú†ÙˆÙ…Û’ Ú¯ÛŒØ› ÛŒØ¹Ù†ÛŒ Ø¢Ù¾Ú©Ùˆ Ø­Ù…Ù„Û Ø¢ÙˆØ± Ø°ÛÙ†ÛŒØª Ú©Û’ Ø³Ø§ØªÚ¾ Ù…ÛŒØ¯Ø§Ù† Ù…ÛŒÚº Ø§ØªØ±Ù†Ø§ ÛÛ’Û” Ù…ÛŒØ±ÛŒ Ù†ÛŒÚ© Ø®ÙˆØ§ÛØ´Ø§Øª Ø¢Ù¾ Ú©Û’ Ø³Ø§ØªÚ¾ØŒ Ù¾ÙˆØ±ÛŒ Ù‚ÙˆÙ… Ø¢Ù¾ Ú©ÛŒ Ú©Ø§Ù…ÛŒØ§Ø¨ÛŒ Ú©ÛŒÙ„Ø¦Û’ Ø¯Ø¹Ø§Ú¯Ùˆ ÛÛ’Û”",ImranKhanPTI
2022-11-13 07:50:50+00:00,1591700100467904512,Ù‚ÙˆÙ…ÛŒ Ú©Ø±Ú©Ù¹ Ù¹ÛŒÙ… Ú©ÛŒÙ„Ø¦Û’Ø¢Ø¬ Ù…ÛŒØ±Ø§Ù¾ÛŒØºØ§Ù… ÙˆÛÛŒ ÛÛ’Ø¬Ùˆ Ù…ÛŒÚº Ù†Û’ 1992Ú©Û’ÙˆØ±Ù„Úˆ Ú©Ù¾ ÙØ§Ø¦Ù†Ù„ Ù…ÛŒÚº Ø§Ù¾Ù†ÛŒ Ù¹ÛŒÙ… Ú©Ùˆ Ø¯ÛŒØ§Û” Ø§ÙˆÙ‘Ù„: Ø§Ø³ Ø¯Ù† Ú©Ø§ Ù„Ø·Ù Ø§Ù¹Ú¾Ø§Ø¦ÛŒÛ’ Ú©Û Ø¹Ø§Ù„Ù…ÛŒ Ú©Ù¾ Ú©Ø§ ÙØ§Ø¦Ù†Ù„ Ú©Ú¾ÛŒÙ„Ù†Û’ Ú©Ø§ Ù…ÙˆÙ‚Ø¹ Ø´Ø§Ø° ÛÛŒ Ú©Ø³ÛŒ Ú©Ùˆ Ù…ÛŒØ³Ø± Ø¢ØªØ§ÛÛ’ Ø§ÙˆØ± ÛØ±Ú¯Ø² Ø§Ø³ Ø³Û’ Ù…Ø±Ø¹ÙˆØ¨ Ù†Û ÛÙˆÚºÛ” Ø¯ÙˆÙ…:,ImranKhanPTI
2022-11-13 06:43:26+00:00,1591683136311656448,That means playing with an attacking mindset. Good luck; the whole nation is praying for your success.,ImranKhanPTI
2022-11-13 06:43:25+00:00,1591683133686288384,My msg to Pak cricket team today is the same I gave our team in the 1992 World Cup Final. First: enjoy the day as one rarely gets to play in a World Cup final &amp; don't get overawed by it. Second: you will win if you are willing to take risks &amp; can cash in on mistakes by opponents;,ImranKhanPTI
2022-11-10 19:19:32+00:00,1590786252282134529,Ú†ÙˆÙ†Ú©Û Ø­Ù‚ÛŒÙ‚ÛŒ Ø¢Ø²Ø§Ø¯ÛŒ Ú©ÛŒÙ„Ø¦Û’ ÛÙ…Ø§Ø±Ø§ Ù„Ø§Ù†Ú¯ Ù…Ø§Ø±Ú† Ù¾Ú¾Ø± Ø³Û’ Ø´Ø±ÙˆØ¹ ÛÙˆÚ†Ú©Ø§ ÛÛ’ Ú†Ù†Ø§Ù†Ú†Û Ù…ÛŒØ±ÛŒ Ø§Ù¾Ù†Û’ ØªÙ…Ø§Ù… Ú©Ø§Ø±Ú©Ù†Ø§Ù† Ú©Ùˆ ÛØ¯Ø§ÛŒØª ÛÛ’ Ú©Û Ø±Ø³ØªÙˆÚº Ú©ÛŒ Ø¨Ù†Ø¯Ø´ Ú©Ø§ Ø³Ù„Ø³Ù„Û ÙÙˆØ±ÛŒ Ø·ÙˆØ± Ù¾Ø± Ø®ØªÙ… Ú©Ø±Ø¯ÛŒÚºÛ”,ImranKhanPTI
2022-11-10 18:55:53+00:00,1590780298417307648,"As our Long March for Haqeeqi Azadi has resumed once again, I am calling on all our workers to end their road blockades with immediate effect.",ImranKhanPTI
2022-11-09 15:01:11+00:00,1590358849491701760,Ù…ÛŒÚº Ø§Ø³ Ø¯ÙˆØ³Ø±Û’ Ø§ÙØ³Ø± Ú©Ø§ Ù†Ø§Ù… Ø¨Ú¾ÛŒ Ù…Ù†Ø¸Ø±ÙØ¹Ø§Ù… Ù¾Ø± Ù„Ø§Ø¤Úº Ú¯Ø§ Ø¬Ùˆ Ø¯Ù† 12 Ø¨Ø¬Û’ Ø³Û’ Ø´Ø§Ù… 5Ø¨Ø¬Û’ ØªÚ© Ú©Ù†Ù¹Ø±ÙˆÙ„ Ø±ÙˆÙ… Ù…ÛŒÚº Ù…ÛŒØ¬Ø± Ø¬Ù†Ø±Ù„ ÙÛŒØµÙ„ Ù†ØµÛŒØ± Ú©Û’ ÛÙ…Ø±Ø§Û Ù‚ØªÙ„ Ú©Û’ Ù…Ù†ØµÙˆØ¨Û’ Ù¾Ø± Ø¹Ù…Ù„Ø¯Ø±Ø¢Ù…Ø¯ Ú©ÛŒ Ù†Ú¯Ø±Ø§Ù†ÛŒ Ú©Ø±ØªØ§ Ø±ÛØ§Û”,ImranKhanPTI
2022-11-09 15:01:10+00:00,1590358844164935682,Ù…Ø¬Ú¾Û’ Ø§Ù¾Ù†Û’ Ø®Ù„Ø§Ù Ù‚ØªÙ„ Ú©Û’ Ù…Ù†ØµÙˆØ¨Û’ Ú©Ø§ ØªÙ‚Ø±ÛŒØ¨Ø§Ù‹ 2 Ù…Ø§Û Ù¾ÛÙ„Û’ Ø¹Ù„Ù… ÛÙˆÚ†Ú©Ø§ ØªÚ¾Ø§ Ø§ÙˆØ± Ù…ÛŒÚº Ù†Û’ 24 Ø³ØªÙ…Ø¨Ø± Ú©Ùˆ Ø±Ø­ÛŒÙ… ÛŒØ§Ø± Ø®Ø§Ù† Ø§ÙˆØ± 7 Ø§Ú©ØªÙˆØ¨Ø± Ú©Ùˆ Ù…ÛŒØ§Ù†ÙˆØ§Ù„ÛŒ Ú©Û’ Ø¹ÙˆØ§Ù…ÛŒ Ø§Ø¬ØªÙ…Ø§Ø¹Ø§Øª Ù…ÛŒÚº Ø§Ø³ Ú©Ø§ Ù¾Ø±Ø¯Û Ø¨Ú¾ÛŒ Ú†Ø§Ú© Ú©ÛŒØ§Û” ÙˆØ²ÛŒØ±Ø¢Ø¨Ø§Ø¯ Ù…ÛŒÚº Ú©ÛŒ Ø¬Ø§Ù†Û’ ÙˆØ§Ù„ÛŒ Ù‚ØªÙ„ Ú©ÛŒ Ú©ÙˆØ´Ø´ Ø³Ú©Ø±Ù¾Ù¹ Ú©Û’ Ø¹ÛŒÙ† Ù…Ø·Ø§Ø¨Ù‚ ØªÚ¾ÛŒÛ” https://t.co/DKy1J5KvIE,ImranKhanPTI
2022-11-09 14:31:50+00:00,1590351461585915905,I wiÄºl also disclose the name of the second officer who was sitting with Maj General Faisal in the control room from around 12 noon to 5 pm monitoring the execution of the plot.,ImranKhanPTI
2022-11-09 14:31:49+00:00,1590351455881691137,I had discovered the assassination plot hatched against me almost two months ago &amp; exposed it in RYK 24th  Sept &amp; Mianwali 7th Oct public rallies. Wazirabad assassination attempt followed the script. https://t.co/UsQGp2y3EY,ImranKhanPTI
2022-11-09 11:55:48+00:00,1590312195308781569,Ø§ÛŒÚ© Ø´Ø§Ù†Ø¯Ø§Ø± Ø¬ÛŒØª Ø³Ù…ÛŒÙ¹Ù†Û’ Ù¾Ø± Ø¨Ø§Ø¨Ø± Ø§Ø¹Ø¸Ù… Ø§ÙˆØ± Ù¹ÛŒÙ… Ú©Ùˆ Ù…Ø¨Ø§Ø±Ú©Ø¨Ø§Ø¯ Ù¾ÛŒØ´ Ú©Ø±ØªØ§ ÛÙˆÚº!,ImranKhanPTI
2022-11-09 11:46:46+00:00,1590309921039716354,Congratulations to Babar Azam and the team for a great win.,ImranKhanPTI
2022-11-09 08:34:52+00:00,1590261629228580887,Ù‚ÙˆÙ… Ú©ÛŒØ¬Ø§Ù†Ø¨ Ø³Û’ Ø¨Ø§Ø¨Ø± Ø§Ø¹Ø¸Ù… Ø§ÙˆØ± Ø§Ù†Ú©ÛŒ Ù¹ÛŒÙ… Ú©ÛŒÙ„Ø¦Û’ Ø¯Ø¹Ø§Ø¤Úº Ø§ÙˆØ± Ù†ÛŒÚ© ØªÙ…Ù†Ø§Ø¤Úº Ú©Ø§ Ø§Ø¸ÛØ§Ø± Ú©Ø±ØªØ§ ÛÙˆÚºÛ” Ø¢Ù¾ Ø³Û’ ÛÙ…Ø§Ø±ÛŒ ØªÙ…Ø§Ù… ØªØ± ØªÙˆÙ‚Ø¹ ÛŒÛÛŒ ÛÛ’ Ú©Û Ø¢Ø®Ø±ÛŒ Ú¯ÛŒÙ†Ø¯ ØªÚ© Ù…Ù‚Ø§Ø¨Ù„Û Ú©Ø±ÛŒÚº!,ImranKhanPTI
2022-11-09 07:57:28+00:00,1590252217407180800,Wishing Babar Azam and his team prayers and best wishes from the nation. All we expect from you is to fight till the last ball.,ImranKhanPTI
2022-11-08 13:14:32+00:00,1589969619703300096,Ù¾Ø§Ú©Ø³ØªØ§Ù† Ú©Û’Ù…Ø³ØªÙ‚Ø¨Ù„ Ú©ÛŒÙ„Ø¦Û’ØªØ­Ø±ÛŒÚ© Ø§Ù†ØµØ§Ù Ú©Û’ Ø¯Ø±ÙˆØ§Ø²Û’ ØªÙ…Ø§Ù… Ø¬Ù…ÛÙˆØ±ÛŒØª Ù¾Ø³Ù†Ø¯ Ù‚ÙˆØªÙˆÚº Ú©ÛŒÙ„Ø¦Û’ Ú©Ú¾Ù„Û’ ÛÛŒÚº Ú©Û Ø¹Ø¯Ù„ ÙˆØ§Ù†ØµØ§ÙØŒ Ù‚Ø§Ù†ÙˆÙ† Ú©ÛŒ Ø­Ú©Ù…Ø±Ø§Ù†ÛŒ Ø§ÙˆØ± Ø¨ÛŒØ±ÙˆÙ†ÛŒ ØºÙ„Ø§Ù…ÛŒ Ø³Û’ Ø¢Ø²Ø§Ø¯ÛŒØŒØ¬Ùˆ ÛÙ…Ø§Ø±ÛŒ Ø­Ù‚ÛŒÙ‚ÛŒ Ø¢Ø²Ø§Ø¯ÛŒ Ú©Ø§ÛØ¯Ù ÛÛ’ØŒÚ©ÛŒÙ„Ø¦Û’ÛÙ…Ø§Ø±ÛŒ Ø¬Ø¯ÙˆØ¬ÛØ¯ Ù…ÛŒÚº Ø´Ø§Ù…Ù„ ÛÙˆÚºÛ”,ImranKhanPTI
2022-11-08 13:14:31+00:00,1589969615110610944,Ù‚ÙˆÙ…ÛŒ Ø¢Ø²Ø§Ø¯ÛŒ Ùˆ Ø®ÙˆØ¯Ù…Ø®ØªØ§Ø±ÛŒ Ú©Û’Ù…ÛŒØ±Û’ Ù¾ÛŒØºØ§Ù… Ú©Ùˆ Ø³Ù…Ø¬Ú¾ØªÛ’ ÛÙˆØ¦Û’ Ø§Ø³Ú©ÛŒ Ø­Ù…Ø§ÛŒØª Ù…ÛŒÚº Ú©Ú¾Ú‘ÛŒ ÛÙˆÚ†Ú©ÛŒ ÛÛ’Û” Ø§Ø¨ Ø¬Ø¨Ú©Û ÛÙ… Ù…Ù†Ø²Ù„ Ú©Û’ Ø§ØªÙ†Ø§ Ù‚Ø±ÛŒØ¨ Ù¾ÛÙ†Ú† Ú†Ú©Û’ ÛÛŒÚºØŒÚ©ÙˆØ¦ÛŒ Ø®ÙˆÙ ÛŒØ§ Ù…ÛŒØ±ÛŒ Ø¬Ø§Ù† Ú©Ùˆ Ù„Ø§Ø­Ù‚ Ú©ÙˆØ¦ÛŒ Ø®Ø·Ø±Û Ù…ÛŒØ±Û’Ù¾Ø§Ø¤Úº Ú©ÛŒ Ø²Ù†Ø¬ÛŒØ± Ù†ÛÛŒÚº Ø¨Ù† Ø³Ú©ØªØ§Û”ÛÙ…Ø§Ø±Û’ ÙÙ¾Ø±Ø§Ù…Ù† Ø§Ø­ØªØ¬Ø§Ø¬ Ø§ÙˆØ± Ú¯ÙØª Ùˆ Ø´ÙÙ†ÛŒØ¯ Ú©Ø§ Ù…Ø­ÙˆØ± Ùˆ Ù…Ø±Ú©Ø² ØµØ±Ù Ù¾Ø§Ú©Ø³ØªØ§Ù† Ú©ÛŒ Ø­Ù‚ÛŒÙ‚ÛŒ Ø¢Ø²Ø§Ø¯ÛŒ ÛÛ’Û”,ImranKhanPTI
2022-11-08 13:14:30+00:00,1589969612627914752,Ù…Ø¶Ø­Ú©Û Ø®ÛŒØ² FIR Ú©Û’ Ù…Ø¹Ø§Ù…Ù„Û’ Ù¾Ø± ØªÙˆ Ù…ÛŒØ±Ø§ Ù…Ø¤Ù‚Ù Ù…ÛŒØ±Û’ ÙˆÚ©Ù„Ø§Ø¡ Ø¯ÛŒÚº Ú¯Û’Û”Ù…ÛŒÚº Ø§Ù¾Ù†ÛŒ ØªÙ…Ø§Ù… Ø¹Ù…Ø±Ø§Ù¾Ù†Û’Ù…Ù„Ú© Ú©Û’Ø¨Ø§Ø±Û’ Ù…ÛŒÚº Ø§ÛŒÚ© Ø®ÙˆØ´Ø­Ø§Ù„ ÙÙ„Ø§Ø­ÛŒ Ø±ÛŒØ§Ø³Øª Ú©Ø§ Ø®ÙˆØ§Ø¨ Ø¯ÛŒÚ©Ú¾ØªØ§ Ø¢ÛŒØ§ ÛÙˆÚº Ø§ÙˆØ±Ù…ÛŒØ±ÛŒ ØªÙ…Ø§Ù… ØªØ± Ø¬Ø¯ÙˆØ¬ÛØ¯ Ø§Ù¾Ù†ÛŒ Ù‚ÙˆÙ… Ú©ÛŒÙ„Ø¦Û’Ø§Ø³ÛŒ Ø®ÙˆØ§Ø¨ Ú©Ùˆ Ø´Ø±Ù…Ù†Ø¯Û‚ ØªØ¹Ø¨ÛŒØ± Ú©Ø±Ù†Û’ Ú©ÛŒ Ú©ÙˆØ´Ø´ÙˆÚº Ø³Û’Ø¹Ø¨Ø§Ø±Øª ÛÛ’Û”Ø¢Ø¬ Ù‚ÙˆÙ… Ø¨ÛŒØ¯Ø§Ø± ÛÙˆÚ†Ú©ÛŒ ÛÛ’ Ø§ÙˆØ± Ø¹Ø¯Ù„ Ùˆ Ø§Ù†ØµØ§Ù Ø§ÙˆØ±,ImranKhanPTI
2022-11-08 12:20:35+00:00,1589956043714744321,"For the future of Pakistan the doors of PTI are open to all democratic loving forces to join our struggle for Justice, rule of law &amp; freedom from foreign subservience - our goal of Haqeeqi Azadi",ImranKhanPTI
2022-11-08 12:20:34+00:00,1589956038308290568,"in support of my message of justice, freedom &amp; national sovereignty. When we are so close to our goal no fear or threat of death can stop my struggle. Our peaceful.protests &amp; dialogue are only for Pakistan's Haqeeqi Azadi.",ImranKhanPTI
2022-11-08 12:20:33+00:00,1589956035447779328,"On the issue of the farcical FIR my lawyers will give my position. All my life I dreamt of seeing my country as a prospering welfare state &amp; my struggle throughout has been to make this dream a reality for my nation. Today the nation has awakened, understood &amp; risen",ImranKhanPTI
2022-11-05 10:40:19+00:00,1588843648225259520,Ù¾Ø§Ú©Ø³ØªØ§Ù† Ú©ÛŒ Ø§ÛŒÙ…Ø§Ø¡ Ù¾Ø± Ù…ÛŒÚº Ø§Ø¹Ø¸Ù… Ø³ÙˆØ§ØªÛŒ Ú©ÛŒ Ú¯Ú¾Ø± Ú©ÛŒ Ø¯ÛÙ„ÛŒØ² ØªÚ© Ù…Ø­Ø¯ÙˆØ¯ØŒ Ù…Ú©Ù…Ù„ Ø·ÙˆØ± Ù¾Ø± ØºÛŒØ± Ø¹ÙˆØ§Ù…ÛŒ Ø§ÙˆØ± ØªÛØ¬Ø¯ Ú¯Ø²Ø§Ø± Ù…Ø­ØªØ±Ù…Û Ø§ÛÙ„ÛŒÛ Ø³Û’ Ù…Ø¹Ø§ÙÛŒ Ù…Ø§Ù†Ú¯Ù†Ø§ Ú†Ø§ÛØªØ§ ÛÙˆÚº Ú©Û Ø§Ù†ÛÛŒÚº Ø§Ø³ Ú©Ø±Ø¨ØŒ Ø§Ø°ÛŒØª Ø§ÙˆØ± ØªÙˆÛÛŒÙ† Ùˆ Ø°Ù„Øª Ú©Û’ Ù†Ø§Ø±ÙˆØ§ Ø§Ø­Ø³Ø§Ø³ Ú©Ø§ Ø¨ÙˆØ¬Ú¾ Ø§Ù¹Ú¾Ø§Ù†Ø§ Ù¾Ú‘Ø§Û”,ImranKhanPTI
2022-11-05 10:30:09+00:00,1588841088894500865,ÙˆÛ Ø§Ù† ØªÙ…Ø§Ù… Ø§Ù‚Ø¯Ø§Ø± Ú©ÛŒ ØµØ±ÛŒØ­ Ø®Ù„Ø§Ù ÙˆØ±Ø²ÛŒ ÛÛ’Û” ÛŒÛ Ù†ÛØ§ÛŒØª ØµØ¯Ù…Û Ø§Ù†Ú¯ÛŒØ²ØŒ Ù¾Ø±Ù„Û’ Ø¯Ø±Ø¬Û’ Ú©ÛŒ Ù‚Ø§Ø¨Ù„ Ù†ÙØ±Øª Ùˆ Ú©Ø±Ø§ÛØª Ø§ÙˆØ± Ù‚Ø§Ø¨Ù„Ù Ù…Ø°Ù…Øª ÛÛ’Û” Ø®Ø¯Ø§ Ú©Ø±Û’ Ú©Ø¨Ú¾ÛŒ Ú©Ø³ÛŒ Ø§Ù†Ø³Ø§Ù† Ú©Ùˆ Ø§Ø³ Ø³Ø¨ Ø³Û’ Ù†Û Ú¯Ø²Ø±Ù†Ø§ Ù¾Ú‘Û’Û” Ù…ÛŒØ±ÛŒ Ú†ÛŒÙ Ø¬Ø³Ù¹Ø³ Ø¢Ù Ù¾Ø§Ú©Ø³ØªØ§Ù† Ø³Û’ Ø§Ø³ØªØ¯Ø¹Ø§ ÛÛ’ Ú©Û ÙˆÛ Ø§Ø³ Ú©Ø§ Ø§Ø² Ø®ÙˆØ¯ Ù†ÙˆÙ¹Ø³ Ù„ÛŒÚºÛ”,ImranKhanPTI
2022-11-05 10:30:08+00:00,1588841086264696832,Ù¾Ø§Ú©Ø³ØªØ§Ù† Ú©ÛŒ Ø¨Ù†ÛŒØ§Ø¯ÛŒÚº Ø´Ø±ÙÙ Ø§Ù†Ø³Ø§Ù†ÛŒØŒØ®Ø§Ù†Ø¯Ø§Ù† Ú©ÛŒ ØªØ¹Ø¸ÛŒÙ… Ø§ÙˆØ± Ú†Ø§Ø¯Ø± Ùˆ Ú†Ø§Ø± Ø¯ÛŒÙˆØ§Ø±ÛŒ Ú©ÛŒ Ø­Ø±Ù…Øª ÙˆØªÙ‚Ø¯ÛŒØ³ Ú©Û’Ø§Ù‚Ø¯Ø§Ø± Ù¾Ø± Ø§Ù¹Ú¾Ø§Ø¦ÛŒ Ú¯Ø¦ÛŒÚºÛ”Ø¨Ø±ÛÙ†Û Ú©Ø±Ù†Û’ØŒ Ø²ÛŒØ±Ù Ø­Ø±Ø§Ø³Øª ØªØ´Ø¯Ø¯ Ú©Ø§ Ù†Ø´Ø§Ù†Û Ø¨Ù†Ø§Ù†Û’Ø§ÙˆØ± Ø§Ø¨ Ø§ÛŒÚ© ÙˆÛŒÚˆÛŒÙˆ Ú©Û’Ø°Ø±ÛŒØ¹Û’Ø§Ù†Ú©ÛŒ Ø§ÛÙ„ÛŒÛ Ù…Ø­ØªØ±Ù…Û Ú©ÛŒ Ø®Ù„ÙˆØªÙˆÚº Ú©Û’ Ù¾Ø±Ø¯Û’ Ú†Ø§Ú© Ú©Ø±Ù†Û’ Ø³Ù…ÛŒØª Ø±ÛŒØ§Ø³Øª Ú©Û’ ÛØ§ØªÚ¾ÙˆÚº Ù…ÛŒÚº Ø§Ø¹Ø¸Ù… Ø³ÙˆØ§ØªÛŒ Ú©Û’ Ø³Ø§ØªÚ¾ Ø¬Ùˆ Ú©Ú†Ú¾ ÛÙˆØ§,ImranKhanPTI
2022-11-05 09:28:46+00:00,1588825642824773632,"I want to apologise on behalf of Pakistan to Mrs Swati, a very private, non public, tahajut guzaar lady for the pain, anguish and sense of humiliation she is having to suffer.",ImranKhanPTI
2022-11-05 09:27:49+00:00,1588825403661385730,"&amp; now this video where privacy of his wife has been violated. It is both shocking, despicable &amp; utterly condemnable. No human being should have to suffer this. I call on the CJP to take suo moto notice of this.",ImranKhanPTI
2022-11-05 09:27:47+00:00,1588825394429722624,"Pakistan was created on Islamic moral values of human dignity, honour of the family &amp; inviolability of chadar &amp; chardawari. What has happened to Azam Swati at the hands of the State has been a blatant violation of all these values - from being stripped naked to custodial torture",ImranKhanPTI
2022-11-02 16:35:08+00:00,1587845775677169665,Ú¯Ú©Ú¾Ú‘ Ù…Ù†ÚˆÛŒ Ù…ÛŒÚº (Ø­Ù‚ÛŒÙ‚ÛŒ Ø¢Ø²Ø§Ø¯ÛŒ Ù…Ø§Ø±Ú† Ú©Û’) Ø¢Ø¬ Ú©Û’Ø¹Ø¸ÛŒÙ… Ø§Ù„Ø´Ø§Ù† Ø§Ø³ØªÙ‚Ø¨Ø§Ù„ Ú©Û’ Ù…Ù†Ø§Ø¸Ø±! Ø­Ù‚ÛŒÙ‚ÛŒ Ø¢Ø²Ø§Ø¯ÛŒ Ù…Ø§Ø±Ú† Ú©Ùˆ Ø§Ù„Ø­Ù…Ø¯Ù„Ù„Û Ø¨Û’Ù…Ø«Ø§Ù„ Ø¹ÙˆØ§Ù…ÛŒ Ø­Ù…Ø§ÛŒØª Ø§ÙˆØ± Ù¾Ø°ÛŒØ±Ø§Ø¦ÛŒ Ù…ÛŒØ³Ø± ÛÛ’Û” https://t.co/HZUvjf5CBQ,ImranKhanPTI
2022-11-02 16:20:08+00:00,1587841999545290757,Grand reception at Ghakkar Mandi earlier today. Massive support for Haqeeqi Azadi March. https://t.co/sJMZ5Ko1hX,ImranKhanPTI
2022-11-02 14:48:52+00:00,1587819035118678017,Ø¢Ø¬ Ú¯Ú©Ú¾Ú‘ Ù…Ù†ÚˆÛŒ Ù…ÛŒÚº ÛÙ…Ø§Ø±Û’ Ø­Ù‚ÛŒÙ‚ÛŒ Ø¢Ø²Ø§Ø¯ÛŒ Ù…Ø§Ø±Ú† Ú©Ùˆ Ù…Ù„Ù†Û’ ÙˆØ§Ù„Ø§ ÙÙ‚ÛŒØ¯Ø§Ù„Ù…Ø«Ø§Ù„ Ø§Ø³ØªÙ‚Ø¨Ø§Ù„ÛŒÛ! Ø¬ÛŒ Ù¹ÛŒ Ø±ÙˆÚˆ Ù¾Ø± Ø¬Ùˆ Ú©Ú†Ú¾ Ù…ÛŒÚº Ø¯ÛŒÚ©Ú¾ Ø±ÛØ§ ÛÙˆÚº Ø§Ø³Ú©Û’Ø¨Ø¹Ø¯ Ù…ÛŒØ±Û’ Ø¯Ù„ Ù…ÛŒÚº Ú©ÙˆØ¦ÛŒ Ø§Ø¨ÛØ§Ù… Ø¨Ø§Ù‚ÛŒ Ù†ÛÛŒÚº Ú©Û Ø±Ø§ÙˆÙ„Ù¾Ù†ÚˆÛŒ Ùˆ Ø§Ø³Ù„Ø§Ù… Ø¢Ø¨Ø§Ø¯ Ù¾Ø§Ú©Ø³ØªØ§Ù† Ù…ÛŒÚº Ø¹ÙˆØ§Ù…ÛŒ Ø§Ø¬ØªÙ…Ø§Ø¹Ø§Øª (Ù…ÛŒÚº Ø¹ÙˆØ§Ù… Ú©ÛŒ Ø´Ø±Ú©Øª) Ú©Û’ ØªÙ…Ø§Ù… Ø±ÛŒÚ©Ø§Ø±ÚˆØ² ØªÙˆÚ‘ ÚˆØ§Ù„ÛŒÚº Ú¯Û’ØŒØ§Ù†Ø´Ø§Ø¡Ø§Ù„Ù„Û! https://t.co/6NbuZ7vZoB,ImranKhanPTI
2022-11-02 14:06:04+00:00,1587808262581542912,Today mashaAllah great reception at Ghakkar Mandi for our Haqeeqi Azadi March. What I am witnessing on the GT Road I now have no doubt that Pindi and Islamabad will break all records of public gatherings in Pakistan. https://t.co/TAmHTgGRjW,ImranKhanPTI
2022-11-02 06:54:45+00:00,1587699718368395264,Ø­ØµÙˆÙ„Ù Ø§Ù†ØµØ§ÙØŒ Ø¬Ùˆ ÛÙ…Ø§Ø±ÛŒ Ø­Ù‚ÛŒÙ‚ÛŒ Ø¢Ø²Ø§Ø¯ÛŒ Ú©ÛŒ Ø¬Ø¯ÙˆØ¬ÛØ¯ Ú©Ø§ Ø§ÛŒÚ© Ø§ÛÙ… ØªØ±ÛŒÙ† Ø¬ÙØ²Ùˆ ÛÛ’ Ú©ÛŒÙ„Ø¦Û’ Ú©Ù„ Ú¯ÙˆØ¬Ø±Ø§Ù†ÙˆØ§Ù„Û Ø¨Ú¾Ø± Ø³Û’ Ù†Ú©Ù„Ù†Û’ ÙˆØ§Ù„Û’ Ø¨Ú‘Û’ Ø§ÙˆØ± Ù¾Ø±Ø¬ÙˆØ´ Ø¹ÙˆØ§Ù…ÛŒ Ù‚Ø§ÙÙ„ÙˆÚº Ú©Û’ Ú†Ù†Ø¯ Ù…Ù†Ø§Ø¸Ø±! https://t.co/jdIK37e3l0,ImranKhanPTI
2022-11-02 06:17:49+00:00,1587690424231399424,Some scenes from the massive &amp; charged crowds that turned out throughout Gujranwala yesterday seeking justice which is a critical part of our Haqeeqi Azadi struggle. https://t.co/I3yPmCTo1F,ImranKhanPTI
2022-11-01 15:51:55+00:00,1587472514187677698,Ø´ÙˆÚ©Øª Ø®Ø§Ù†Ù… Ù…ÛŒÙ…ÙˆØ±ÛŒÙ„ Ù¹Ø±Ø³Ù¹ Ú©Ø±Ø§Ú†ÛŒ: ØªÙ…Ø§Ù… ØªØ± Ú†ÛŒÙ„Ù†Ø¬Ø² Ú©Û’ Ø¨Ø§ÙˆØ¬ÙˆØ¯ ØªØ¹Ù…ÛŒØ±Ø§ØªÛŒ Ú©Ø§Ù… Ø´ÛŒÚˆÛŒÙˆÙ„ Ú©Û’ Ù…Ø·Ø§Ø¨Ù‚ Ø¬Ø§Ø±ÛŒ ÛÛ’Û” Ø¢Ø¦Ù†Ø¯Û Ø¨Ø±Ø³ Ú©Û’ Ø§ÙˆØ§Ø®Ø± Ù…ÛŒÚº Ø§Ø³Û’ Ú©Ú¾ÙˆÙ„ÛŒÚº Ú¯Û’ØŒ Ø§Ù†Ø´Ø§Ø¡Ø§Ù„Ù„ÛÛ” Ú©Ø±Ø§Ú†ÛŒ Ú©Ø§ ÛŒÛ ÛØ³Ù¾ØªØ§Ù„ ØªÙ…Ø§Ù… ÛØ³Ù¾ØªØ§Ù„ÙˆÚº Ù…ÛŒÚº Ø³Ø¨ Ø³Û’ Ø¨Ú‘Ø§ Ø§ÙˆØ± Ø¬Ø¯ÛŒØ¯ ØªØ±ÛŒÙ† Ù…Ø´ÛŒÙ†Ø±ÛŒ Ø³Û’ Ù„ÛŒØ³ ÛÙˆÚ¯Ø§Û” https://t.co/iM3Y7LQz9Z,ImranKhanPTI
2022-11-01 15:36:01+00:00,1587468511789842432,ÛÙ…Ø§Ø±Û’Ø­Ù‚ÛŒÙ‚ÛŒ Ø¢Ø²Ø§Ø¯ÛŒ Ù…Ø§Ø±Ú† Ù…ÛŒÚº Ø´Ø±Ú©Øª Ú©ÛŒÙ„Ø¦Û’Ø¢Ø¬ Ú¯ÙˆØ¬Ø±Ø§Ù†ÙˆØ§Ù„Û Ú©Û’Ø¹ÙˆØ§Ù… ØºÛŒØ±Ù…Ø¹Ù…ÙˆÙ„ÛŒ ØªØ¹Ø¯Ø§Ø¯ Ù…ÛŒÚº Ù†Ú©Ù„Û’Û” Ø¢Ø¬ ØªÚ© ÛÙ… Ù†Û’ Ø¹ÙˆØ§Ù… Ú©ÛŒ Ø¨ÛØª Ø¨Ú‘ÛŒ ØªØ¹Ø¯Ø§Ø¯ ÛÛŒ Ú©Ùˆ Ù…Ø§Ø±Ú† Ù…ÛŒÚº Ø´Ø±ÛŒÚ© ÛÙˆØªÛ’ Ù†ÛÛŒÚº Ø¯ÛŒÚ©Ú¾Ø§ Ø¨Ù„Ú©Û ÛŒÛ Ù…Ø´Ø§ÛØ¯Û Ø¨Ú¾ÛŒ Ú©ÛŒØ§ Ú©Û Ø¬ÙˆÚº Ø¬ÙˆÚº ÛÙ…Ø§Ø±Ø§ Ù…Ø§Ø±Ú† Ø§Ø³Ù„Ø§Ù… Ø¢Ø¨Ø§Ø¯ Ú©ÛŒ Ø¬Ø§Ù†Ø¨ Ø¨Ú‘Ú¾ Ø±ÛØ§ ÛÛ’ØŒ ÛÙ…Ø§Ø±Û’ Ù„ÙˆÚ¯ÙˆÚº Ú©Û’ Ø¬ÙˆØ´ Ùˆ Ø¬Ø°Ø¨Û’ Ù…ÛŒÚº Ø§Ø¶Ø§ÙÛ ÛÙˆØ±ÛØ§ ÛÛ’Û” https://t.co/ZqAk6Hi7tS,ImranKhanPTI
2022-11-01 15:34:08+00:00,1587468035530829824,SKMT Karachi  - construction on schedule despite all the challenges. InshaAllah will open later next year. It will be the biggest and equipped with the latest machinery. https://t.co/iCcPU6lvB4,ImranKhanPTI
2022-11-01 15:28:16+00:00,1587466560423067649,Today Gujranwala came out in phenomenal numbers to participate in our Haqeeqi Azadi March. So far today we have witnessed not just the greatest crowd participation but also the ever increasing passion of our people as the March progresses forward towards Islamabad. https://t.co/O8XXR6zUsn,ImranKhanPTI
2022-11-01 11:20:42+00:00,1587404256872910849,ÛÙ…Ø§Ø±Ø§ Ø­Ù‚ÛŒÙ‚ÛŒ Ø¢Ø²Ø§Ø¯ÛŒ Ù…Ø§Ø±Ú† Ú¯ÙˆØ¬Ø±Ø§Ù†ÙˆØ§Ù„Û Ø³Û’ Ú¯Ø²Ø± Ø±ÛØ§ ÛÛ’Û” ÛÙ… Ø§ÛŒÚ© Ø§Ù†Ù‚Ù„Ø§Ø¨ Ú©ÛŒØ¬Ø§Ù†Ø¨ Ú¯Ø§Ù…Ø²Ù† ÛÛŒÚº Ú©Û Ø¹ÙˆØ§Ù… Ú©ÛŒ Ø´Ø±Ú©Øª Ø³Û’ Ø´Ø±Ú©Ø§Ø¡ Ú©ÛŒ ØªØ¹Ø¯Ø§Ø¯ Ù…Ø³Ù„Ø³Ù„ Ø¨Ú‘Ú¾ Ø±ÛÛŒ ÛÛ’Û”Ù‚ÙˆÙ… Ø­Ù‚ÛŒÙ‚ÛŒ Ø¢Ø²Ø§Ø¯ÛŒ Ú©ÛŒ ÛÙ…Ø§Ø±ÛŒ  Ù¾Ú©Ø§Ø± Ú©ÛŒ Ø­Ù…Ø§ÛŒØª Ú©Ø§ Ø§ÛŒÚ© ÙˆØ§Ø¶Ø­ Ù¾ÛŒØºØ§Ù… Ø¯Û’ Ø±ÛÛŒ ÛÛ’Û” https://t.co/Fc64ivU0Ox,ImranKhanPTI
2022-11-01 10:51:06+00:00,1587396810255261696,Our Haqeeqi Azadi March moving in Gujranwala. We are on our way to a revolution as people keep swelling up our numbers. The nation is sending a clear message in support of our call for Haqeeqi Azadi. https://t.co/H17SctOkLl,ImranKhanPTI
2022-11-01 10:17:28+00:00,1587388345294127107,Ø³Ù†Ø¯Ú¾ Ø³Û’ Ø­Ù‚ÛŒÙ‚ÛŒ Ø¢Ø²Ø§Ø¯ÛŒ Ú©Ø§ Ù‚Ø§ÙÙ„Û Ø§Ø³Ù„Ø§Ù… Ø¢Ø¨Ø§Ø¯ Ù…ÛŒÚº ÛÙ…ÛŒÚº Ø¢ Ù…Ù„Ù†Û’ Ú©ÛŒÙ„Ø¦Û’Ø§Ù¾Ù†Û’ Ø³ÙØ± Ú©Ø§ Ø¢ØºØ§Ø² Ú©Ø±Ú†Ú©Ø§ ÛÛ’Û” Ø§Ø³Ù„Ø§Ù… Ø¢Ø¨Ø§Ø¯ Ù…ÛŒÚº Ø§ÛÙ„Ù Ù¾Ø§Ú©Ø³ØªØ§Ù† Ú©Ø§ Ø³Ø¨ Ø³Û’ Ø¨Ú‘Ø§ Ø§Ø¬ØªÙ…Ø§Ø¹ ÛÙˆÚ¯Ø§ØŒ Ø§Ù†Ø´Ø§Ø¡Ø§Ù„Ù„ÛÛ” https://t.co/QUulCOvxcP,ImranKhanPTI
2022-11-01 06:09:08+00:00,1587325851758219266,Haqeeqi Azadi Caravan from Sindh has started its journey to join us in Islamabad. InshaAllah there will be the greatest ever gathering of Pakistanis in Islamabad. https://t.co/jSSYQ3EhNK,ImranKhanPTI
2022-11-01 04:21:36+00:00,1587298789118906370,Ø§ÛŒÙ…Ù† Ø¢Ø¨Ø§Ø¯ Ù…ÛŒÚº Ú©Ù„ Ú©Û’Ø¹ÙˆØ§Ù…ÛŒ Ø§Ø³ØªÙ‚Ø¨Ø§Ù„ Ø§ÙˆØ± Ø´Ø±Ú©Ø§Ø¡ Ù…ÛŒÚº Ù¾Ø§Ø¦Û’ Ø¬Ø§Ù†Û’ÙˆØ§Ù„Û’ Ø¬ÙˆØ´ Ùˆ Ø®Ø±ÙˆØ´ Ú©Û’Ù…Ù†Ø§Ø¸Ø±! GT Ø±ÙˆÚˆ Ù¾Ø± Ø¹ÙˆØ§Ù… Ú©Û’Ø§Ø³ÛŒ Ø¬ÙˆØ´ Ùˆ Ø¬Ø°Ø¨Û’Ú©Û’ Ø¨Ø§Ø¹Ø« ÛÙ… 12 Ú©Ù„ÙˆÙ…ÛŒÙ¹Ø± ÙÛŒ Ú¯Ú¾Ù†Ù¹Û Ú©ÛŒ Ø±ÙØªØ§Ø± ÛÛŒ Ø³Û’ Ú†Ù„ Ù¾Ø§ Ø±ÛÛ’ ÛÛŒÚºÛ” Ú†Ù†Ø§Ù†Ú†Û Ø¬Ùˆ Ù„ÙˆÚ¯ ÛÙ…Ø§Ø±Û’ Ù…Ù†ØªØ¸Ø± ÛÛŒÚº Ø§Ø³ÛŒ Ú©Û’Ù…Ø·Ø§Ø¨Ù‚ Ù…Ù†ØµÙˆØ¨Û Ø¨Ù†Ø¯ÛŒ Ú©Ø±ÛŒÚºÛ”Ø¢Ø¬ ÛÙ… Ø§Ù†Ø´Ø§Ø¡Ø§Ù„Ù„Û Ú¯ÙˆØ¬Ø±Ø§Ù†ÙˆØ§Ù„Û Ø´ÛØ± Ø³Û’Ú¯Ø²Ø±ÛŒÚº Ú¯Û’Û” https://t.co/ToZGBOsqmI,ImranKhanPTI
2022-10-31 16:02:11+00:00,1587112707379036161,Today the public reception and passion at Eminabad. Because of such passion all along the GT road we are moving at around 12 kilometres an hour. So those waiting to receive us please adjust accordingly. Tomorrow we will be going through Gujranwala city. https://t.co/6s1ShX2DQg,ImranKhanPTI
2022-10-31 05:12:12+00:00,1586949135982264320,Ø¬ÛŒ Ù¹ÛŒ Ø±ÙˆÚˆ Ù¾Ø± ÛÙ…Ø§Ø±Û’ Ù…Ø§Ø±Ú† Ú©Û’ ÛÙ…Ø±Ø§Û Ø¹ÙˆØ§Ù… Ú©Ø§ Ø³Ù…Ù†Ø¯Ø±Û” Ù…ÛŒÚº 6 Ù…Ø§Û Ø³Û’Ù…Ù„Ú© Ù…ÛŒÚº Ø§ÛŒÚ© Ø§Ù†Ù‚Ù„Ø§Ø¨ Ú©Ø§ Ù…Ø´Ø§ÛØ¯Û Ú©Ø±Ø±ÛØ§ ÛÙˆÚºÛ”Ø³ÙˆØ§Ù„ ØµØ±Ù ÛŒÛ ÛÛ’ Ú©Û Ø¢ÛŒØ§ ÛŒÛ Ø¨ÛŒÙ„Ù¹ Ø¨Ø§Ú©Ø³ Ú©Û’Ø°Ø±ÛŒØ¹Û’ Ù†Ø±Ù… ÛÙˆÚ¯Ø§ ÛŒØ§ Ø®ÙˆÙ†Ø±ÛŒØ²ÛŒ Ú©Û’ Ø°Ø±ÛŒØ¹Û’ ØªØ¨Ø§Û Ú©Ù†ØŸ https://t.co/U4G9FiN84W,ImranKhanPTI
2022-10-31 03:21:28+00:00,1586921266891685889,The sea of people along our March on the GT Road. For 6 months I have been witnessing a revolution taking over the country. Only question is will it be a soft one through the ballot box or a destructive one through bloodshed? https://t.co/CeVdRVp9ON,ImranKhanPTI
